8,19,6,5,1
5,15,7,8,1
6,16,5,9,1
7,2,4,3,1
13,14,5,7,1
10,16,5,7,1
15,15,6,7,1
6,13,2,5,1
5,12,6,5,1
11,1,5,2,1
19,11,1,5,1
10,18,8,2,1
14,16,5,6,1
3,17,8,8,1
2,1,2,2,1
4,13,5,6,1
4,14,5,6,1
6,15,4,5,1
0,1,2,1,1
5,13,3,4,1
2,17,3,7,1
6,14,6,6,1
12,2,6,2,1
10,2,6,5,1
9,4,3,3,1
12,18,5,5,1
8,20,10,6,1
12,19,3,7,1
11,8,6,4,1
15,9,4,6,1
7,11,8,5,1
13,7,3,6,1
8,7,6,11,1
9,8,7,8,1
7,3,5,4,1
17,12,4,7,1
5,11,7,6,1
6,6,7,3,1
15,15,6,5,1
19,11,7,4,1
11,14,4,8,1
11,11,7,5,1
8,8,3,7,1
10,16,4,10,1
12,15,4,9,1
10,12,3,4,1
12,8,6,5,1
10,10,2,8,1
8,11,5,9,1
7,2,5,10,1
10,5,2,4,1
6,7,6,6,1
6,0,3,4,1
14,16,8,10,1
15,10,7,8,1
12,12,6,6,1
10,15,5,8,1
9,6,12,10,1
4,16,9,10,1
4,17,5,5,1
10,12,6,10,1
7,17,12,12,1
7,10,11,7,1
10,9,6,10,1
8,15,9,6,1
3,22,8,7,1
11,14,10,5,1
6,19,10,13,1
5,13,3,14,1
9,15,12,12,1
7,8,4,10,1
12,13,10,6,1
8,16,13,9,1
13,11,4,5,1
3,14,10,7,1
10,14,12,10,1
6,22,9,11,1
10,15,4,7,1
5,14,7,10,1
3,20,7,8,1
6,7,2,7,1
5,18,11,12,1
11,8,9,5,1
5,18,10,6,1
7,18,7,7,1
4,24,8,8,1
13,11,15,12,1
4,6,11,4,1
18,17,9,8,1
9,24,9,10,1
8,16,6,6,1
9,16,9,3,1
4,17,10,9,1
7,5,1,9,1
12,16,7,4,1
6,22,9,4,1
9,14,6,3,1
8,11,18,13,1
6,6,1,12,1
9,19,8,6,1
14,11,8,9,1
13,15,3,2,1
7,3,2,8,1
9,13,16,16,1
8,15,11,16,1
9,7,10,12,1
6,4,12,4,1
4,7,2,9,1
5,5,9,3,1
12,22,9,7,1
11,13,6,6,1
11,12,7,7,1
12,9,3,13,1
18,14,2,7,1
11,12,7,15,1
13,17,2,9,1
11,14,5,9,1
13,7,6,4,1
3,9,5,9,1
6,14,4,18,1
6,11,2,18,1
7,12,5,19,1
8,9,16,3,1
6,8,5,9,1
2,9,8,6,1
6,22,10,9,1
16,20,4,5,1
16,16,5,3,1
14,9,8,1,1
6,8,3,12,1
14,15,8,9,1
8,21,4,7,1
10,9,4,7,1
5,7,9,3,1
16,19,2,4,1
13,10,1,4,1
4,8,5,10,1
12,11,1,5,1
3,9,5,10,1
6,7,4,6,1
8,9,9,3,1
8,9,8,5,1
5,11,4,12,1
2,4,8,4,1
4,12,7,7,1
3,13,3,12,1
9,5,5,6,1
4,9,5,12,1
5,11,14,13,1
4,2,12,4,1
7,16,5,5,1
4,15,14,8,1
8,5,10,7,1
2,13,6,10,1
4,5,2,6,1
5,9,5,10,1
4,13,3,12,1
4,9,6,5,1
6,0,2,9,1
7,13,8,13,1
4,21,11,14,1
2,12,5,11,1
1,5,11,5,1
2,6,10,1,1
3,4,5,4,1
5,15,17,11,1
4,11,8,6,1
8,8,15,4,1
9,8,3,2,1
8,10,12,5,1
7,13,3,7,1
8,16,7,4,1
13,5,9,4,1
7,4,4,4,1
8,10,4,3,1
8,10,8,3,1
8,11,7,2,1
5,12,9,4,1
11,3,7,2,1
9,3,5,2,1
7,8,3,5,1
7,19,7,6,1
4,20,9,10,1
10,6,13,3,1
8,5,7,3,1
9,6,12,6,1
3,19,10,13,1
8,13,2,12,1
6,7,2,9,1
6,14,3,11,1
6,9,17,8,1
3,8,8,5,1
2,15,4,9,1
11,3,2,1,1
6,11,6,4,1
6,5,3,5,1
10,21,8,7,1
6,19,9,6,1
9,11,19,12,1
4,6,6,3,1
8,21,4,8,1
4,21,8,12,1
7,14,7,4,1
10,18,10,4,1
6,15,14,12,1
7,5,3,1,1
10,20,11,6,1
9,18,12,9,1
6,15,4,5,1
9,12,11,13,1
10,2,3,3,1
12,22,7,7,1
9,19,10,12,1
7,12,3,9,1
5,3,6,2,1
4,17,13,13,1
4,18,12,11,1
8,9,6,12,1
4,8,2,3,1
5,6,5,8,1
9,2,1,4,1
11,20,9,15,1
1,21,2,9,1
6,14,8,5,1
18,9,4,3,1
11,17,6,8,1
12,16,5,7,1
16,18,4,10,1
11,28,7,4,1
16,25,3,10,1
19,24,6,6,1
13,6,2,5,1
9,2,3,3,1
14,12,7,7,1
16,11,8,4,1
9,13,1,5,1
15,12,3,7,1
7,16,10,5,1
7,17,3,4,1
12,12,5,9,1
11,21,11,5,1
9,17,12,13,1
13,7,2,4,1
8,12,5,6,1
7,21,14,6,1
12,16,5,6,1
19,22,2,5,1
10,22,1,11,1
15,20,10,4,1
11,24,4,10,1
16,23,6,4,1
14,25,11,5,1
14,7,7,3,1
10,7,9,4,1
8,7,10,5,1
8,17,5,6,1
4,18,8,6,1
2,7,6,6,1
9,5,3,5,1
10,9,2,5,1
5,11,7,7,1
7,15,6,2,1
6,12,5,11,1
4,7,4,3,1
9,6,3,2,1
7,7,8,5,1
7,10,10,4,1
5,12,11,4,1
8,3,2,3,1
5,8,2,3,1
4,12,15,3,1
5,11,12,4,1
3,8,3,2,1
8,4,3,3,1
7,20,7,9,1
4,6,5,6,1
2,12,3,6,1
3,9,3,4,1
7,9,1,4,1
6,5,4,3,1
11,9,10,6,1
5,21,4,6,1
10,12,5,6,1
7,13,10,4,1
8,11,7,6,1
8,14,8,5,1
8,15,5,7,1
17,15,6,7,1
14,11,3,8,1
11,21,7,4,1
12,15,9,4,1
15,12,6,5,1
13,11,6,8,1
10,19,1,8,1
6,23,7,4,1
14,10,5,9,1
12,15,8,4,1
6,21,5,8,1
6,17,7,6,1
11,12,4,2,1
9,13,6,2,1
10,15,4,4,1
8,15,5,8,1
10,14,6,5,1
4,21,7,5,1
15,18,7,1,1
6,15,7,2,1
6,15,5,7,1
14,17,10,6,1
11,15,5,9,1
5,14,1,14,1
6,7,4,3,1
5,21,8,9,1
8,14,2,6,1
2,18,4,9,1
7,22,6,10,1
4,15,2,13,1
8,7,2,5,1
7,17,9,15,1
6,14,3,9,1
7,13,4,8,1
5,12,2,11,1
9,5,3,2,1
5,18,5,12,1
7,9,4,7,1
5,11,9,6,1
7,1,2,3,1
7,11,2,9,1
6,9,8,4,1
4,9,11,5,1
8,3,3,4,1
3,3,4,2,1
2,6,4,2,1
4,15,5,7,1
2,16,6,10,1
7,8,7,9,1
8,23,9,9,1
14,17,11,9,1
12,16,10,6,1
6,9,4,8,1
10,5,6,9,1
11,6,7,6,1
7,22,9,8,1
19,17,11,10,1
9,18,8,12,1
6,7,4,8,1
5,9,5,8,1
6,8,7,6,1
12,16,6,7,1
7,22,8,15,1
6,8,4,9,1
4,13,6,9,1
13,4,6,5,1
12,16,9,9,1
4,13,5,10,1
12,6,9,6,1
6,11,6,6,1
5,22,5,9,1
13,4,6,4,1
8,7,8,6,1
8,9,3,6,1
9,6,9,8,1
15,5,7,4,1
14,4,6,6,1
8,18,2,7,1
10,16,1,7,1
3,14,4,10,1
10,5,6,9,1
8,18,8,5,1
4,17,4,5,1
4,19,6,7,1
11,14,2,5,1
6,10,8,5,1
7,9,4,7,1
9,14,5,5,1
7,13,4,4,1
7,15,4,3,1
10,6,5,7,1
7,9,6,8,1
8,14,5,8,1
10,10,4,4,1
3,16,3,8,1
6,12,7,3,1
8,10,6,11,1
9,8,7,7,1
10,9,5,9,1
7,12,7,8,1
7,9,9,8,1
10,8,5,5,1
10,15,3,5,1
12,18,3,5,1
10,12,5,2,1
8,10,5,7,1
13,12,7,9,1
6,16,11,9,1
2,7,5,5,1
8,16,9,9,1
15,11,7,6,1
5,19,12,9,1
11,5,8,3,1
7,12,7,6,1
10,5,3,4,1
11,10,9,5,1
13,4,7,9,1
7,13,8,5,1
5,16,7,8,1
6,5,2,2,1
5,18,5,8,1
12,10,10,10,1
7,16,8,9,1
3,6,6,7,1
6,19,8,9,1
5,16,7,14,1
3,21,9,16,1
10,6,6,3,1
6,6,4,4,1
9,6,2,5,1
6,17,7,8,1
12,19,5,4,1
4,24,6,9,1
8,16,7,3,1
12,15,6,1,1
9,15,7,10,1
4,10,4,4,1
8,18,11,7,1
6,17,8,3,1
13,16,7,4,1
14,8,4,2,1
10,17,3,10,1
1,10,4,3,1
11,14,8,17,1
9,19,5,7,1
12,14,8,3,1
12,9,9,3,1
5,9,5,4,1
10,7,8,14,1
10,10,5,3,1
15,11,9,3,1
6,5,6,7,1
9,21,10,9,1
10,18,3,10,1
9,21,5,6,1
2,6,5,5,1
6,3,3,2,1
5,11,2,5,1
11,18,12,5,1
14,13,7,8,1
13,10,9,4,1
4,18,5,11,1
11,12,6,16,1
11,12,9,12,1
3,8,10,7,1
4,21,14,9,1
4,23,8,13,1
12,15,8,3,1
17,12,8,12,1
10,15,11,15,1
3,4,9,7,1
6,22,11,9,1
13,18,12,11,1
9,21,10,5,1
9,20,5,13,1
5,7,5,3,1
7,24,7,11,1
15,18,5,10,1
14,15,5,13,1
4,11,4,5,1
9,20,11,9,1
15,19,6,9,1
11,19,7,9,1
5,8,4,9,1
6,7,8,6,1
4,5,7,5,1
7,28,11,9,1
6,23,10,10,1
16,17,8,9,1
14,12,11,12,1
14,14,5,6,1
6,20,9,11,1
5,1,1,1,1
3,24,12,7,1
10,14,5,5,1
11,17,7,7,1
14,15,6,6,1
12,23,6,5,1
6,1,0,1,1
7,23,4,10,1
1,22,7,6,1
4,25,6,6,1
6,22,6,7,1
6,1,0,1,1
9,22,8,3,1
9,16,5,5,1
9,19,5,7,1
4,2,2,3,1
5,22,11,6,1
2,20,7,6,1
5,24,8,6,1
6,0,3,2,1
4,1,2,2,1
6,1,1,2,1
7,17,5,5,1
5,23,5,7,1
9,18,3,6,1
7,9,8,9,1
11,7,4,6,1
3,10,7,11,1
2,6,2,3,1
8,7,7,4,1
7,10,7,5,1
3,14,6,11,1
12,15,4,4,1
4,9,8,3,1
8,1,3,1,1
7,9,5,3,1
15,5,8,3,1
13,5,8,5,1
6,6,4,5,1
4,5,1,6,1
6,9,6,1,1
10,9,9,3,1
9,7,4,8,1
10,4,6,2,1
5,12,3,7,1
9,2,5,6,1
8,8,5,7,1
11,4,2,4,1
8,1,2,5,1
7,7,1,3,1
10,6,4,3,1
12,9,3,5,1
15,3,5,3,1
11,24,3,7,1
8,29,5,3,1
6,19,13,4,1
8,19,4,9,1
11,27,6,7,1
11,22,6,6,1
7,19,12,8,1
15,23,3,5,1
9,13,14,8,1
8,19,2,3,1
12,27,4,2,1
18,18,2,5,1
9,18,6,7,1
8,16,6,13,1
8,19,7,5,1
14,23,7,8,1
15,22,2,5,1
10,18,8,7,1
4,14,9,5,1
15,7,9,15,1
13,10,13,7,1
8,14,10,5,1
10,19,8,4,1
11,16,5,2,1
9,13,6,9,1
18,20,3,5,1
8,22,6,4,1
9,18,6,1,1
5,16,8,13,1
5,17,12,10,1
4,10,5,9,1
4,13,9,3,1
10,14,10,12,1
5,15,12,6,1
2,11,5,10,1
7,20,7,5,1
9,3,8,8,1
6,12,3,9,1
4,17,10,9,1
2,15,6,11,1
3,11,2,9,1
3,12,5,4,1
4,16,8,5,1
4,18,9,10,1
4,15,9,12,1
5,11,7,2,1
7,0,3,4,1
4,6,6,8,1
3,7,4,6,1
4,1,7,4,1
7,11,3,11,1
6,17,4,3,1
4,9,6,8,1
2,18,6,11,1
2,14,7,5,1
10,7,4,6,1
13,13,9,4,1
9,16,12,7,1
13,6,11,4,1
5,20,4,3,1
7,18,5,4,1
9,18,8,9,1
9,19,12,6,1
8,16,7,9,1
10,8,10,5,1
3,15,5,4,1
9,11,8,4,1
9,13,8,6,1
7,17,10,10,1
6,10,12,13,1
3,16,8,10,1
5,19,13,6,1
11,18,5,3,1
15,14,6,6,1
9,12,8,7,1
5,23,14,7,1
6,9,15,9,1
5,13,10,11,1
9,19,6,3,1
5,15,12,9,1
4,15,11,11,1
6,17,8,8,1
4,16,10,17,1
15,16,4,3,1
10,12,8,6,1
6,12,6,9,1
7,8,9,15,1
5,14,11,9,1
4,16,6,4,1
6,17,3,4,1
8,11,6,7,1
11,12,5,10,1
4,19,7,12,1
4,21,8,6,1
10,17,3,5,1
4,22,7,7,1
6,18,10,8,1
8,12,9,11,1
9,13,8,10,1
13,10,7,4,1
8,14,10,4,1
10,10,13,3,1
8,16,7,8,1
11,13,7,6,1
11,11,7,10,1
18,2,10,5,1
12,11,7,10,1
5,19,7,8,1
8,21,4,4,1
14,11,4,5,1
9,13,9,4,1
15,10,9,4,1
8,22,8,10,1
7,20,8,8,1
4,21,9,10,1
10,4,3,10,1
3,17,6,11,1
7,12,8,4,1
6,16,4,6,1
11,22,7,9,1
7,21,10,11,1
14,2,5,14,1
7,12,11,16,1
14,7,5,12,1
9,14,6,8,1
9,19,12,14,1
11,4,8,6,1
8,16,11,14,1
11,11,9,8,1
13,12,8,11,1
9,10,9,1,1
8,20,11,11,1
10,17,2,11,1
15,13,10,7,1
8,8,10,3,1
15,4,8,3,1
11,9,3,7,1
13,12,6,10,1
10,21,10,5,1
15,17,2,4,1
18,24,3,4,1
8,25,10,10,1
11,14,3,7,1
12,25,6,6,1
19,18,5,6,1
13,18,2,6,1
12,16,6,10,1
11,23,9,8,1
10,16,2,4,1
14,22,7,5,1
20,19,2,4,1
14,19,3,1,1
12,15,6,8,1
9,12,4,6,1
3,30,13,10,1
12,22,4,8,1
14,16,2,8,1
12,14,8,15,1
7,16,8,4,1
9,18,1,4,1
11,12,4,4,1
8,13,4,6,1
14,21,7,8,1
10,22,6,3,1
9,22,5,11,1
10,22,4,3,1
11,18,7,6,1
10,17,5,7,1
21,14,4,5,1
18,14,6,5,1
9,20,5,6,1
6,7,10,5,1
21,13,9,6,1
13,18,7,11,1
9,2,4,3,1
14,19,5,8,1
10,22,4,7,1
6,7,10,5,1
10,24,8,6,1
7,25,8,16,1
4,6,5,6,1
20,9,3,8,1
7,10,10,1,1
13,18,8,6,1
15,14,6,14,1
8,2,5,5,1
4,6,3,10,1
7,21,12,9,1
7,23,13,16,1
6,0,8,7,1
8,5,13,5,1
7,5,8,4,1
5,3,1,6,1
11,21,9,12,1
6,3,5,7,1
5,3,6,9,1
12,9,9,5,1
13,10,6,4,1
5,10,16,11,1
6,6,1,5,1
9,13,5,10,1
6,9,4,8,1
7,7,4,10,1
21,3,4,4,1
9,12,9,9,1
6,4,2,4,1
11,13,6,6,1
3,14,9,3,1
7,10,2,9,1
12,10,10,8,1
6,9,2,5,1
15,12,5,4,1
5,13,7,3,1
11,5,3,10,1
2,9,5,6,1
13,6,14,13,1
3,13,5,12,1
4,10,5,14,1
6,8,5,2,1
4,1,1,8,1
3,3,1,8,1
5,11,5,9,1
5,10,8,14,1
10,7,5,4,1
4,12,7,8,1
4,13,10,11,1
7,9,4,3,1
4,13,9,3,1
9,11,10,4,1
4,4,2,3,1
2,6,4,3,1
7,7,8,9,1
7,8,4,5,1
5,11,11,5,1
6,8,7,7,1
5,3,6,2,1
3,4,8,5,1
5,6,7,9,1
7,3,15,9,1
10,4,11,9,1
4,1,3,7,1
4,1,3,7,1
12,5,14,4,1
8,7,5,8,1
3,5,2,5,1
5,3,5,4,1
10,10,10,3,1
4,4,6,2,1
7,1,5,9,1
3,4,3,2,1
4,2,7,5,1
5,0,6,3,1
5,19,8,8,1
12,14,7,7,1
15,12,10,8,1
5,18,10,10,1
0,6,10,6,1
5,13,10,5,1
6,15,6,11,1
23,10,4,4,1
16,13,5,7,1
4,19,10,10,1
3,5,4,6,1
11,7,10,7,1
7,15,6,3,1
14,16,5,7,1
5,20,8,6,1
4,4,5,8,1
10,8,8,7,1
11,13,2,4,1
4,24,7,7,1
4,6,1,5,1
4,15,11,7,1
7,16,6,10,1
5,1,2,6,1
3,18,11,7,1
12,9,7,12,1
0,1,5,2,1
3,1,6,1,1
10,9,7,9,1
2,5,2,2,1
4,3,6,4,1
2,4,4,1,1
2,7,3,2,1
3,3,3,5,1
4,0,1,1,1
3,1,2,1,1
5,8,2,3,1
6,4,3,3,1
1,9,3,2,1
7,4,6,3,1
3,6,4,2,1
6,1,5,1,1
6,4,3,4,1
5,6,5,5,1
6,5,5,5,1
2,5,4,5,1
4,2,4,4,1
4,4,4,2,1
3,6,2,3,1
4,2,4,4,1
6,0,4,3,1
5,5,4,2,1
4,0,3,3,1
4,0,3,2,1
3,12,3,3,1
7,1,5,5,1
6,4,3,4,1
16,13,8,6,1
11,18,9,8,1
13,8,9,4,1
12,14,4,10,1
12,15,5,9,1
13,13,9,8,1
15,16,2,6,1
13,14,8,7,1
16,5,7,0,1
13,10,1,6,1
11,10,5,12,1
6,13,8,9,1
13,11,9,2,1
15,9,3,4,1
25,6,7,4,1
14,14,12,8,1
8,18,7,8,1
18,15,8,2,1
14,9,4,4,1
8,12,6,8,1
6,14,4,10,1
14,7,4,6,1
23,9,2,4,1
8,17,5,9,1
22,8,5,4,1
19,8,7,5,1
17,13,5,6,1
17,10,3,7,1
7,14,9,5,1
9,16,9,5,1
8,11,4,10,1
10,9,11,3,1
6,18,1,11,1
5,17,1,13,1
5,18,7,7,1
12,24,6,4,1
6,18,11,3,1
7,14,5,13,1
6,15,6,11,1
5,12,4,14,1
10,27,8,10,1
6,15,11,3,1
11,8,17,4,1
4,16,15,4,1
4,12,18,3,1
11,21,12,8,1
8,11,5,6,1
7,14,10,10,1
5,14,7,11,1
8,17,10,3,1
7,16,3,7,1
8,13,2,5,1
7,12,16,8,1
10,17,3,9,1
5,17,6,11,1
4,15,3,10,1
24,14,9,4,1
12,17,14,7,1
13,17,13,6,1
12,4,4,5,1
17,23,9,8,1
13,20,7,8,1
8,18,17,7,1
16,15,6,8,1
9,19,10,9,1
11,5,5,2,1
14,18,4,12,1
15,16,10,6,1
14,13,8,7,1
4,19,14,10,1
7,8,5,2,1
18,12,10,2,1
11,19,9,13,1
5,20,8,10,1
4,10,4,3,1
6,26,2,8,1
8,21,9,6,1
10,14,8,9,1
16,3,3,2,1
11,5,7,5,1
5,10,5,0,1
13,24,8,7,1
7,20,2,11,1
5,22,4,9,1
14,9,10,8,1
14,13,7,4,1
4,18,6,8,1
7,2,4,4,1
12,17,4,3,1
8,11,5,4,1
12,12,5,4,1
12,12,6,5,1
10,14,8,4,1
6,1,2,5,1
12,12,4,5,1
7,13,1,5,1
10,11,4,6,1
9,12,5,4,1
10,2,1,2,1
9,19,3,2,1
9,9,2,6,1
11,13,5,2,1
9,0,3,1,1
7,15,5,5,1
6,13,2,5,1
10,10,6,4,1
8,6,0,2,1
7,4,3,2,1
8,4,2,2,1
9,11,7,4,1
9,17,4,3,1
16,5,3,2,1
24,8,6,4,1
19,6,4,5,1
10,7,9,8,1
5,11,12,6,1
13,10,2,7,1
7,5,6,7,1
10,5,7,9,1
14,14,4,6,1
7,10,11,9,1
5,13,12,6,1
11,9,4,8,1
5,9,5,6,1
9,10,7,5,1
8,11,7,7,1
6,13,9,7,1
10,6,7,5,1
5,12,5,5,1
10,13,5,7,1
7,7,10,7,1
4,7,4,3,1
10,4,4,5,1
11,3,8,4,1
4,4,4,6,1
9,6,4,4,1
8,9,5,2,1
4,3,4,5,1
6,6,7,6,1
16,3,3,5,1
4,24,5,9,1
3,18,12,10,1
5,4,7,4,1
3,21,9,9,1
6,19,7,8,1
3,14,8,9,1
6,15,9,13,1
12,12,12,11,1
4,10,3,9,1
7,27,5,8,1
12,22,7,6,1
2,16,4,9,1
6,22,9,8,1
1,9,4,4,1
12,10,13,10,1
5,19,11,11,1
6,9,14,6,1
18,11,6,2,1
2,15,7,6,1
4,15,10,5,1
8888,3,4,0,1
2,6,7,6,1
10,24,6,10,1
3,16,3,6,1
5,20,9,9,1
2,13,6,10,1
4,21,6,9,1
7,10,11,4,1
8,22,8,9,1
7,20,8,6,1
5,19,7,5,1
4,7,6,5,1
6,18,6,5,1
6,17,8,5,1
7,18,7,7,1
18,16,6,7,1
8,17,7,4,1
5,6,7,3,1
6,15,9,9,1
5,19,3,8,1
16,13,4,6,1
8,14,10,6,1
8,5,1,4,1
8,13,5,5,1
7,16,4,5,1
10,17,6,7,1
4,2,4,6,1
2,14,6,9,1
5,14,5,6,1
9,12,6,7,1
1,7,3,0,1
5,6,5,3,1
8,1,7,3,1
5,11,5,4,1
9,11,5,4,1
12,14,3,1,1
5,29,9,7,1
6,24,6,12,1
4,28,9,13,1
4,4,7,5,1
5,26,7,10,1
6,23,8,14,1
4,23,4,13,1
9,25,6,3,1
6,26,6,9,1
5,3,8,4,1
10,24,4,4,1
15,16,6,8,1
6,22,4,8,1
5,24,10,7,1
4,5,7,6,1
5,27,8,4,1
7,24,6,5,1
10,18,5,8,1
7,1,8,5,1
5,25,6,10,1
4,28,7,7,1
5,21,6,9,1
4,5,6,6,1
3,7,4,5,1
3,5,6,7,1
6,23,9,10,1
7,22,4,11,1
8,20,10,4,1
25,17,5,3,1
12,31,5,7,1
18,12,4,6,1
6,2,2,6,1
13,21,9,10,1
13,17,5,7,1
12,15,5,5,1
17,25,3,6,1
13,17,3,2,1
4,8,3,8,1
19,18,6,6,1
16,16,3,8,1
14,12,5,9,1
9,20,5,4,1
5,5,1,4,1
9,30,7,4,1
7,22,5,6,1
8,19,6,5,1
4,1,1,3,1
8,16,5,4,1
14,13,4,4,1
8,16,5,3,1
6,2,2,7,1
6,0,1,3,1
1,3,2,1,1
8,20,7,3,1
9,15,5,9,1
12,13,5,4,1
5,11,5,6,1
5,9,6,3,1
1,12,3,5,1
8,14,3,7,1
11,10,4,2,1
6,12,4,1,1
4,14,4,3,1
7,11,6,6,1
6,13,12,9,1
7,13,9,10,1
6,21,5,8,1
5,17,8,6,1
7,10,6,7,1
6,11,5,6,1
8,13,4,2,1
7,14,3,4,1
4,16,4,3,1
7,7,6,8,1
6,13,10,6,1
7,19,7,7,1
3,22,7,6,1
5,7,4,8,1
12,18,3,6,1
4,18,4,7,1
7,12,5,5,1
6,19,6,7,1
4,15,5,7,1
1,14,8,3,1
11,13,4,10,1
11,9,10,6,1
9,9,9,16,1
4,6,8,6,1
12,5,6,7,1
8,8,3,3,1
8,7,8,4,1
11,15,8,9,1
8,15,12,11,1
5,9,6,4,1
8,14,2,8,1
7,10,2,9,1
9,11,6,4,1
7,18,11,9,1
4,11,5,5,1
11,9,2,7,1
8,8,3,7,1
8,13,2,3,1
3,13,6,8,1
11,8,4,8,1
5,8,6,9,1
9,9,5,7,1
4,3,3,3,1
4,3,3,3,1
3,8,4,2,1
6,8,4,5,1
7,9,2,0,1
7,9,4,1,1
10,24,6,6,1
11,18,13,9,1
9,15,6,4,1
7,31,10,7,1
2,31,9,9,1
8,16,5,9,1
6,13,10,3,1
7,23,12,8,1
14,8,8,5,1
5,29,5,8,1
6,22,8,10,1
10,14,8,5,1
2,16,9,5,1
10,9,9,4,1
5,21,18,10,1
11,16,13,5,1
7,18,4,8,1
5,12,6,4,1
5,18,4,13,1
5,17,9,7,1
6,11,5,3,1
5,9,6,4,1
10,28,4,6,1
3,22,3,10,1
4,14,7,2,1
4,21,2,7,1
4,15,7,3,1
9,6,2,2,1
10,18,10,10,1
4,20,12,14,1
14,13,11,5,1
7,4,6,7,1
7,9,14,9,1
9,6,3,5,1
6,11,8,12,1
9,21,9,7,1
3,20,9,14,1
6,4,8,7,1
7,12,10,8,1
6,8,4,6,1
9,11,4,10,1
5,17,15,8,1
3,8,3,5,1
6,13,8,10,1
5,8,3,6,1
7,13,3,11,1
7,2,10,6,1
2,20,13,6,1
10,4,5,3,1
6,12,7,11,1
4,7,3,4,1
3,9,3,4,1
11,2,5,9,1
5,7,0,6,1
5,13,2,10,1
8,9,3,2,1
8,11,9,9,1
8,18,5,6,1
5,6,3,6,1
12,11,7,3,1
6,8,5,6,1
6,8,3,6,1
7,10,7,7,1
7,13,8,5,1
6,7,4,8,1
7,10,10,3,1
5,7,6,9,1
2,12,3,7,1
6,12,7,5,1
4,7,3,6,1
9,15,9,3,1
6,7,4,7,1
5,9,3,6,1
9,11,4,2,1
9,6,12,4,1
8,10,5,7,1
3,5,7,4,1
3,8,2,5,1
3,13,9,6,1
2,14,2,7,1
3,16,5,2,1
4,6,5,6,1
3,10,5,5,1
2,11,9,3,1
10,17,13,11,1
5,12,12,10,1
6,0,1,1,1
4,22,8,9,1
7,29,6,14,1
2,19,7,5,1
9,24,8,13,1
6,12,5,4,1
0,3,0,1,1
4,18,10,11,1
5,25,16,14,1
1,13,12,10,1
5,24,13,14,1
5,0,2,4,1
3,13,6,5,1
4,19,5,10,1
1,10,5,3,1
5,15,6,9,1
8888,2,2,2,1
6,0,1,4,1
0,0,0,0,1
5,0,2,1,1
4,26,4,10,1
2,20,4,8,1
7,23,9,4,1
1,21,4,12,1
6,34,11,8,1
5,18,3,9,1
5,20,14,11,1
4,24,15,8,1
5,18,18,12,1
4,16,10,10,1
7,17,12,10,1
5,15,12,11,1
5,17,13,10,1
17,16,5,7,1
9,18,8,12,1
6,14,10,7,1
16,15,8,5,1
7,20,6,6,1
9,20,6,5,1
7,25,7,6,1
6,19,3,8,1
12,22,7,3,1
8,21,9,4,1
12,23,5,2,1
11,11,5,5,1
15,14,6,16,1
6,20,9,6,1
8,21,5,9,1
10,14,3,3,1
5,14,7,8,1
7,11,8,6,1
8,18,6,5,1
14,16,7,5,1
10,19,3,4,1
4,8,3,4,1
3,9,7,7,1
3,5,1,5,1
9,12,4,1,1
5,15,8,2,1
8,10,6,4,1
2,14,5,4,1
6,17,5,4,1
2,10,7,1,1
7,6,2,3,1
7,9,4,7,1
5,10,7,3,1
4,9,4,3,1
2,10,10,1,1
3,10,5,6,1
4,15,4,8,1
2,13,9,7,1
2,13,6,5,1
3,5,6,1,1
7,2,2,8,1
1,8,2,7,1
4,4,2,5,1
11,17,2,6,1
4,13,3,7,1
3,14,4,2,1
6,17,4,5,1
4,15,6,2,1
5,16,1,2,1
8,16,4,7,1
8,18,4,7,1
3,8,2,7,1
8,19,7,5,1
6,19,10,10,1
5,17,3,11,1
9,17,5,6,1
6,17,6,4,1
3,5,3,3,1
6,15,4,10,1
4,14,7,12,1
5,13,10,5,1
2,20,9,6,1
2,5,3,3,1
8,17,4,4,1
5,17,7,13,1
1,19,8,4,1
9,14,7,6,1
2,5,7,4,1
1,11,6,3,1
1,4,3,1,1
3,6,4,5,1
8,16,5,12,1
10,11,6,9,1
12,17,9,6,1
7,15,6,3,1
10,15,10,7,1
10,14,3,8,1
6,6,5,5,1
5,2,5,5,1
8888,3,1,1,1
7,8,8,7,1
7,9,3,4,1
5,10,7,4,1
5,5,7,5,1
2,5,6,6,1
3,2,1,1,1
7,8,7,4,1
7,6,5,6,1
6,9,1,6,1
7,3,7,2,1
2,19,6,15,1
7,10,9,10,1
5,22,9,5,1
4,13,8,3,1
4,19,11,4,1
2,11,5,10,1
1,19,10,16,1
5,7,5,10,1
3,16,8,15,1
13,11,9,8,1
18,7,4,4,1
4,18,8,6,1
14,13,6,7,1
10,22,6,7,1
10,15,6,3,1
12,22,7,4,1
17,22,11,8,1
10,32,7,3,1
7,25,4,8,1
10,28,9,4,1
10,31,11,2,1
13,25,9,7,1
8,27,3,8,1
9,24,5,6,1
8,19,14,9,1
6,31,5,12,1
16,21,4,17,1
7,25,14,5,1
18,22,7,5,1
10,23,8,4,1
8,30,8,7,1
7,33,15,6,1
12,24,14,10,1
9,20,12,7,1
7,30,10,3,1
6,33,17,1,1
9,25,16,7,1
10,25,5,6,1
13,26,5,14,1
12,20,15,9,1
14,30,11,7,1
10,26,10,11,1
8,34,9,13,1
5,17,11,9,1
4,12,17,7,1
5,7,15,4,1
17,11,10,3,1
11,10,15,8,1
12,9,7,9,1
11,11,5,15,1
11,6,6,6,1
6,6,2,1,1
3,21,4,12,1
7,10,7,12,1
5,15,6,8,1
7,12,4,11,1
7,15,16,4,1
8,13,13,10,1
7,13,11,16,1
6,9,11,7,1
7,21,9,15,1
9,13,8,14,1
8,16,9,13,1
8,7,6,6,1
14,12,8,15,1
16,20,17,18,1
17,13,13,6,1
12,22,12,11,1
9,20,5,9,1
6,26,13,11,1
19,8,5,7,1
15,19,9,6,1
6,27,6,10,1
4,23,17,11,1
7,26,8,7,1
12,23,9,10,1
11,14,7,2,1
11,21,6,5,1
15,17,7,7,1
9,19,13,11,1
5,24,12,9,1
10,19,10,15,1
9,15,7,5,1
11,19,5,7,1
7,22,6,11,1
7,22,8,7,1
7,25,9,12,1
10,14,8,4,1
14,14,8,9,1
8,14,19,14,1
6,19,13,18,1
8,13,7,8,1
7,17,11,12,1
9,20,10,8,1
7,15,4,8,1
6,23,4,5,1
7,17,10,5,1
12,16,8,12,1
10,14,6,5,1
7,10,8,5,1
4,13,12,6,1
10,7,10,5,1
10,16,13,3,1
8,14,7,6,1
10,11,7,12,1
8,11,7,15,1
3,21,11,9,1
9,2,6,4,1
8,22,5,10,1
5,12,4,3,1
10,17,6,1,1
8,16,8,9,1
9,3,5,11,1
6,22,7,11,1
8,9,7,8,1
7,17,7,10,1
4,17,10,14,1
11,8,10,1,1
5,15,2,9,1
8,7,9,4,1
11,6,12,3,1
6,18,9,3,1
12,18,10,6,1
15,15,12,6,1
9,13,4,6,1
7,17,8,3,1
17,9,9,8,1
19,34,8,12,1
23,34,8,8,1
16,34,15,9,1
6,26,10,15,1
12,41,10,8,1
15,45,10,6,1
13,34,11,9,1
21,39,7,13,1
14,39,8,12,1
4,34,10,10,1
15,41,9,14,1
11,50,8,20,1
16,35,9,14,1
21,31,16,9,1
14,23,10,17,1
17,41,12,11,1
19,45,15,8,1
25,30,9,7,1
5,27,11,14,1
18,32,13,11,1
18,35,19,10,1
14,30,14,12,1
15,28,8,12,1
4,37,6,14,1
9,34,8,11,1
16,47,13,6,1
23,30,10,10,1
16,39,8,13,1
14,13,3,3,1
10,13,8,10,1
2,19,9,10,1
11,17,10,11,1
7,23,6,10,1
8,20,6,6,1
10,21,4,8,1
11,15,6,9,1
7,18,10,8,1
7,14,6,13,1
6,17,5,6,1
7,15,5,5,1
16,9,6,4,1
8,20,8,7,1
8,18,9,5,1
6,18,5,8,1
10,10,7,11,1
13,14,6,6,1
5,17,13,6,1
8,13,6,9,1
3,19,3,7,1
6,17,9,9,1
7,21,8,12,1
4,20,10,10,1
11,17,10,10,1
7,18,8,7,1
7,21,11,7,1
9,17,4,8,1
5,12,3,4,1
6,14,9,5,1
6,14,8,13,1
6,15,5,15,1
2,8,10,3,1
5,17,6,13,1
8,19,2,16,1
9,13,5,9,1
8,9,10,11,1
3,16,8,12,1
2,11,7,4,1
4,8,7,13,1
5,15,4,15,1
11,10,14,12,1
7,14,11,10,1
3,6,10,5,1
7,11,12,9,1
5,19,7,14,1
8,14,9,19,1
6,6,5,11,1
5,15,11,15,1
5,19,21,10,1
1,19,11,10,1
4,19,14,10,1
6,25,11,7,1
3,11,7,6,1
4,14,2,6,1
10,19,12,6,1
8,15,8,3,1
11,18,6,5,1
9,5,3,3,1
8,21,6,6,1
8,23,15,4,1
11,18,6,4,1
7,18,5,5,1
3,20,4,8,1
5,4,2,3,1
7,17,4,5,1
6,20,5,5,1
9,18,4,3,1
9,15,5,3,1
5,6,4,3,1
13,16,5,5,1
9,26,17,7,1
10,22,6,9,1
8,15,8,10,1
8,6,3,2,1
7,6,3,4,1
10,1,4,2,1
5,2,4,4,1
6,26,3,10,1
8,20,4,5,1
6,17,6,5,1
8,26,6,13,1
3,23,5,18,1
13,14,6,3,1
9,13,7,0,1
4,19,9,7,1
8,14,13,15,1
8,19,7,9,1
9,16,13,10,1
9,16,11,13,1
7,22,8,7,1
12,16,11,2,1
5,12,6,12,1
6,16,13,4,1
7,18,2,11,1
6,14,9,3,1
8,14,7,1,1
5,18,15,15,1
4,16,14,13,1
8,19,12,10,1
9,19,11,8,1
5,24,9,11,1
8,17,15,11,1
9,18,14,17,1
8,18,16,17,1
10,22,13,18,1
10,23,13,14,1
7,22,11,10,1
5,22,8,12,1
9,23,12,10,1
9,24,10,7,1
13,21,10,9,1
14,20,8,6,1
6,18,11,8,1
3,5,4,6,1
12,21,8,9,1
10,22,5,10,1
5,17,9,8,1
2,25,5,7,1
8,19,12,12,1
3,11,4,6,1
8,29,7,9,1
8,26,9,10,1
3,21,6,13,1
8,18,5,8,1
4,5,5,4,1
5,19,13,11,1
6,19,12,13,1
3,19,8,10,1
5,18,3,5,1
4,9,2,5,1
2,10,6,4,1
0,5,4,9,1
8888,3,2,2,1
16,19,7,9,1
6,16,9,12,1
13,16,3,5,1
6,19,6,7,1
4,18,8,11,1
5,13,5,8,1
12,15,5,10,1
8,20,13,13,1
6,20,13,14,1
4,15,6,3,1
9,2,6,10,1
10,10,8,10,1
9,11,4,10,1
9,19,7,12,1
9,17,9,11,1
5,15,4,3,1
8,3,5,9,1
10,13,4,10,1
12,13,2,9,1
13,17,10,9,1
10,10,3,9,1
8,4,6,12,1
11,11,6,10,1
11,12,4,8,1
7,9,8,12,1
10,4,2,7,1
8,14,7,8,1
10,12,5,9,1
0,2,5,5,1
3,11,5,1,1
7,6,5,4,1
5,7,9,6,1
5,6,5,6,1
11,10,6,6,1
12,25,4,4,1
4,19,10,8,1
12,9,11,3,1
11,19,6,14,1
13,16,8,8,1
6,19,10,6,1
12,29,3,8,1
3,22,5,5,1
12,7,4,9,1
9,20,11,7,1
7,17,7,7,1
9,12,12,4,1
11,25,8,4,1
4,11,13,3,1
6,10,15,8,1
7,10,13,10,1
8,12,10,5,1
6,20,11,9,1
8,10,6,12,1
11,11,3,9,1
10,13,5,1,1
11,12,1,12,1
12,17,11,9,1
8,14,9,9,1
13,16,5,19,1
12,16,4,5,1
12,17,13,8,1
9,19,3,15,1
12,25,9,7,1
8,30,15,16,1
7,19,3,5,1
14,35,13,19,1
7,30,12,18,1
9,34,10,14,1
10,25,13,9,1
6,22,9,12,1
14,13,5,4,1
12,32,7,12,1
8,26,7,9,1
8,27,7,14,1
10,20,6,8,1
5,10,5,6,1
6,33,17,18,1
7,29,16,16,1
5,30,18,16,1
6,26,10,16,1
10,14,10,14,1
4,13,3,3,1
6,12,6,10,1
5,11,2,3,1
9,31,17,17,1
15,34,12,10,1
17,19,9,17,1
8,32,17,14,1
10,23,16,8,1
13,24,8,12,1
5,24,10,7,1
11,31,3,6,1
9,18,9,11,1
2,9,2,10,1
2,14,2,8,1
4,28,12,4,1
6,14,3,18,1
8,28,8,4,1
2,30,12,9,1
4,9,5,9,1
3,15,6,10,1
8,24,11,11,1
6,18,6,17,1
5,27,10,8,1
4,10,5,10,1
4,14,5,11,1
6,32,12,5,1
7,18,20,5,1
4,8,6,7,1
5,13,3,7,1
8,24,7,11,1
4,18,5,19,1
7,12,12,10,1
5,11,7,9,1
5,9,7,8,1
10,13,5,8,1
4,13,11,8,1
6,21,16,6,1
11,9,3,2,1
11,9,6,3,1
9,0,4,6,1
13,5,7,4,1
11,6,4,2,1
2,11,7,3,1
11,4,4,2,1
10,15,5,2,1
12,7,2,3,1
13,9,4,5,1
11,12,2,7,1
10,6,7,1,1
10,12,2,4,1
2,13,3,8,1
16,4,9,6,1
9,9,8,7,1
12,7,3,1,1
13,7,5,4,1
8,8,2,5,1
12,11,9,4,1
4,8,6,1,1
7,14,6,6,1
14,7,1,3,1
7,8,2,6,1
14,4,5,4,1
3,11,5,5,1
10,15,3,8,1
3,13,4,6,1
21,22,4,12,1
20,23,12,5,1
9,8,7,6,1
16,11,13,6,1
15,17,15,7,1
14,18,11,16,1
14,19,10,8,1
17,28,9,8,1
3,12,5,10,1
10,16,12,4,1
12,17,17,5,1
5,25,7,19,1
13,18,6,7,1
6,7,12,7,1
13,12,17,5,1
16,13,19,7,1
11,20,18,6,1
12,22,5,10,1
13,8,12,7,1
12,10,7,7,1
7,12,6,5,1
7,10,11,8,1
20,11,13,10,1
12,16,13,8,1
20,8,19,7,1
9,23,10,12,1
13,21,14,6,1
15,21,6,10,1
10,16,6,3,1
8,13,6,8,1
13,14,8,4,1
13,7,7,7,1
8,14,7,8,1
15,12,6,11,1
11,13,5,5,1
11,27,7,10,1
17,15,4,4,1
13,8,11,6,1
14,21,7,8,1
11,17,6,10,1
12,22,9,11,1
13,11,8,5,1
10,7,2,8,1
11,23,6,8,1
5,17,11,8,1
10,23,10,10,1
18,12,5,7,1
13,16,2,8,1
13,11,2,8,1
12,12,3,3,1
8,15,4,3,1
12,6,4,3,1
8,8,8,5,1
10,14,7,7,1
14,16,9,8,1
10,17,7,7,1
12,25,7,10,1
18,14,8,7,1
15,4,9,9,1
10,14,8,7,1
13,24,6,7,1
13,19,11,9,1
10,22,9,11,1
15,17,7,9,1
5,13,10,10,1
7,19,9,5,1
11,22,13,13,1
11,23,8,8,1
13,20,12,11,1
14,7,9,11,1
11,9,5,4,1
10,27,4,5,1
12,19,12,7,1
10,18,7,10,1
6,4,3,4,1
6,14,10,10,1
10,7,17,10,1
6,12,10,6,1
4,22,7,7,1
6,13,11,7,1
3,19,10,10,1
7,23,14,10,1
9,26,11,8,1
8,21,12,13,1
12,16,10,6,1
8,16,5,7,1
11,10,12,13,1
15,13,10,6,1
12,15,7,16,1
7,19,16,8,1
10,16,11,4,1
13,21,9,8,1
7,15,7,11,1
14,12,6,7,1
12,31,12,8,1
10,31,12,9,1
10,29,10,6,1
5,15,10,6,1
11,10,8,8,1
9,26,8,11,1
8,27,8,10,1
11,23,10,4,1
5,21,12,10,1
3,19,12,9,1
7,18,11,9,1
7,16,2,7,1
17,11,5,9,1
11,17,9,9,1
9,14,5,8,1
14,35,7,8,1
9,30,9,10,1
8,31,9,9,1
13,12,2,5,1
14,14,3,6,1
7,24,9,8,1
7,16,7,5,1
4,21,4,6,1
12,15,6,16,1
11,21,10,7,1
24,7,1,1,1
5,21,7,4,1
4,3,3,5,1
9,17,5,6,1
16,9,6,3,1
14,11,9,5,1
11,14,6,8,1
5,4,3,3,1
3,23,9,7,1
14,12,7,6,1
14,12,10,7,1
3,11,5,7,1
5,17,7,10,1
12,18,6,4,1
11,20,5,6,1
5,2,2,2,1
5,8,3,8,1
7,9,3,4,1
8,14,13,8,1
7,17,7,11,1
16,18,3,4,1
9,25,15,5,1
6,24,3,13,1
7,26,15,7,1
5,24,15,5,1
6,30,11,13,1
2,12,5,10,1
4,10,4,12,1
10,18,9,10,1
8,23,12,12,1
7,22,11,14,1
6,25,18,12,1
6,9,7,7,1
7,9,8,6,1
10,18,14,9,1
4,26,10,12,1
5,24,7,13,1
3,12,8,7,1
7,11,6,6,1
5,24,13,13,1
8,23,14,19,1
4,10,6,9,1
4,11,10,8,1
1,27,12,15,1
4,14,6,11,1
4,14,14,9,1
5,10,8,7,1
5,10,7,14,1
7,10,7,5,1
6,22,3,4,1
8,14,8,4,1
4,15,7,3,1
4,19,6,10,1
6,18,8,9,1
5,19,6,9,1
9,10,10,4,1
11,12,7,5,1
4,16,5,3,1
6,21,6,5,1
12,13,6,8,1
7,19,6,5,1
10,12,7,4,1
5,14,4,7,1
4,17,10,9,1
4,19,9,6,1
6,19,5,8,1
6,14,7,9,1
4,13,8,6,1
5,13,7,5,1
3,17,8,3,1
7,11,5,5,1
11,18,5,7,1
8,21,6,6,1
5,18,9,5,1
6,25,4,5,1
7,17,5,10,1
9,16,7,3,1
18,10,5,4,1
15,10,9,5,1
2,21,5,7,1
9,4,4,4,1
11,17,6,4,1
9,12,6,7,1
8,13,6,3,1
13,10,9,3,1
6,16,16,10,1
10,11,6,5,1
9,15,8,2,1
14,17,8,12,1
12,20,7,7,1
4,12,7,8,1
5,5,5,6,1
10,11,10,6,1
10,8,5,11,1
8,7,9,3,1
4,16,18,7,1
4,20,6,4,1
8,13,13,8,1
9,17,12,8,1
5,5,3,2,1
14,5,8,6,1
9,9,4,2,1
10,10,6,3,1
7,15,7,3,1
18,11,4,6,1
11,25,4,9,1
8,23,17,12,1
5,15,4,11,1
10,13,8,9,1
18,22,12,6,1
10,24,11,8,1
16,23,11,7,1
8,26,4,14,1
5,15,3,8,1
8,14,7,6,1
12,27,13,2,1
11,23,11,6,1
10,28,3,12,1
5,25,18,19,1
10,11,14,11,1
9,26,17,20,1
8,26,12,13,1
12,25,14,13,1
3,10,6,1,1
6,21,4,9,1
5,18,7,2,1
8,19,8,1,1
17,11,5,14,1
13,14,8,5,1
18,10,10,5,1
21,23,5,10,1
21,29,5,2,1
18,23,7,8,1
16,18,3,6,1
21,11,6,9,1
16,3,8,4,1
10,14,7,14,1
7,20,10,11,1
12,19,4,10,1
11,21,3,9,1
15,17,5,6,1
15,3,4,5,1
6,18,10,9,1
11,18,7,11,1
23,8,6,6,1
19,15,2,3,1
15,2,4,6,1
4,19,7,12,1
6,22,8,10,1
13,16,6,10,1
12,20,2,6,1
11,12,8,4,1
14,9,9,3,1
13,6,8,5,1
17,4,5,5,1
16,19,6,9,1
7,18,8,10,1
9,18,7,12,1
7,24,11,6,1
11,21,11,9,1
18,14,6,6,1
10,5,8,11,1
4,11,8,8,1
8888,2,2,0,1
4,0,0,2,1
3,3,5,3,1
2,5,3,6,1
2,6,1,9,1
11,13,5,5,1
2,4,4,2,1
4,3,2,3,1
9,6,2,7,1
7,8,3,9,1
7,13,4,1,1
8888,4,3,1,1
4,0,1,3,1
6,4,6,4,1
1,12,5,5,1
1,15,4,8,1
1,5,0,4,1
7,1,0,2,1
3,0,1,3,1
4,0,0,3,1
4,2,3,2,1
0,1,3,2,1
8888,2,2,2,1
5,2,6,7,1
4,8,6,4,1
9,6,2,11,1
8,18,8,4,1
7,17,8,5,1
4,13,9,3,1
3,17,6,10,1
4,11,2,7,1
2,12,9,2,1
2,15,2,6,1
11,15,5,4,1
8,5,8,4,1
7,14,5,5,1
4,8,7,6,1
2,10,5,1,1
3,11,4,7,1
3,8,8,6,1
4,17,6,6,1
4,9,5,5,1
4,7,8,4,1
6,6,5,8,1
9,5,8,4,1
8,12,9,4,1
4,8,9,6,1
4,15,6,4,1
6,11,4,1,1
4,12,5,5,1
4,11,2,5,1
6,11,4,8,1
6,15,7,10,1
4,12,6,6,1
8,14,5,6,1
13,18,7,5,1
9,14,12,11,1
12,16,10,11,1
11,17,11,9,1
12,11,4,7,1
16,13,7,7,1
8,14,6,8,1
5,11,11,9,1
3,20,8,6,1
5,19,5,8,1
8,11,6,4,1
4,19,6,5,1
18,6,12,12,1
11,20,8,9,1
11,23,6,7,1
16,10,5,4,1
18,12,9,8,1
12,10,16,16,1
9,16,14,13,1
10,13,9,7,1
15,10,11,15,1
14,23,6,6,1
8,17,5,7,1
18,14,8,6,1
10,18,4,5,1
20,15,5,4,1
16,12,8,3,1
8,22,12,4,1
11,25,17,5,1
5,14,11,2,1
0,2,0,0,1
6,29,6,18,1
6,30,11,17,1
3,18,19,2,1
6,20,7,8,1
4,15,10,5,1
5,1,1,1,1
3,28,8,11,1
5,28,13,5,1
3,21,11,2,1
3,16,8,2,1
0,0,0,0,1
3,27,11,9,1
5,27,13,10,1
4,16,4,13,1
3,0,4,6,1
4,18,19,9,1
4,18,14,7,1
12,4,6,9,1
8,4,3,4,1
3,3,2,1,1
8888,3,2,3,1
7,30,11,15,1
4,18,16,6,1
4,20,20,4,1
8,11,4,3,1
5,10,5,5,1
7,6,7,11,1
7,2,4,3,1
6,9,6,6,1
10,7,4,6,1
9,11,4,5,1
7,11,6,4,1
11,6,5,6,1
5,4,5,3,1
6,14,6,5,1
4,17,3,5,1
9,13,4,5,1
4,8,8,7,1
3,2,4,5,1
5,9,6,5,1
3,12,6,7,1
9,8,6,5,1
7,3,4,2,1
9,6,7,5,1
6,7,7,6,1
8,6,8,8,1
5,4,5,5,1
7,2,3,2,1
8,1,5,4,1
7,12,5,5,1
9,8,7,7,1
11,9,5,3,1
11,14,6,7,1
7,18,5,13,1
7,11,4,5,1
11,23,0,10,1
5,16,13,10,1
16,13,7,0,1
9,13,8,7,1
5,22,11,5,1
7,5,3,5,1
11,17,13,3,1
5,15,16,11,1
12,12,8,3,1
7,16,8,7,1
6,10,3,6,1
10,20,10,9,1
5,19,8,12,1
10,15,8,11,1
10,13,8,11,1
7,11,3,6,1
6,5,7,6,1
5,12,3,4,1
5,7,2,5,1
11,17,8,13,1
13,20,7,4,1
7,20,12,5,1
6,17,8,9,1
6,18,6,10,1
5,20,6,2,1
5,15,9,7,1
10,20,6,5,1
9,17,8,17,1
5,21,4,8,1
2,22,7,9,1
6,20,6,10,1
6,20,7,6,1
5,19,8,9,1
4,24,16,11,1
7,19,8,8,1
4,27,7,9,1
4,21,7,12,1
7,19,10,9,1
6,20,23,12,1
5,23,8,11,1
4,23,9,9,1
9,20,11,7,1
5,23,12,9,1
6,23,18,16,1
4,30,22,9,1
10,23,17,12,1
7,23,24,18,1
3,25,8,14,1
28,13,3,3,1
7,28,9,10,1
6,21,9,14,1
4,21,11,17,1
5,29,10,11,1
13,6,5,6,1
9,10,4,7,1
13,8,2,4,1
13,4,6,5,1
4,11,4,4,1
10,10,6,8,1
16,9,4,4,1
10,9,5,5,1
17,2,5,4,1
10,5,6,4,1
5,3,3,5,1
12,5,8,7,1
13,3,6,3,1
8,9,4,7,1
11,5,5,5,1
8,2,3,2,1
9,12,6,3,1
8,9,5,3,1
8,5,7,6,1
4,3,4,7,1
11,6,7,5,1
12,4,6,6,1
7,1,5,3,1
4,6,13,8,1
11,3,6,4,1
3,7,7,6,1
6,9,4,4,1
12,7,5,7,1
10,16,7,7,1
5,21,7,7,1
5,20,11,9,1
3,9,8,7,1
9,17,10,8,1
8,15,8,10,1
6,17,9,8,1
12,12,10,11,1
5,20,18,11,1
1,13,5,6,1
12,13,8,10,1
9,13,10,12,1
8,17,11,10,1
12,16,7,21,1
3,12,4,5,1
11,20,7,5,1
6,22,6,5,1
13,15,8,6,1
3,21,10,7,1
10,23,10,20,1
3,27,7,21,1
15,20,18,13,1
8,16,1,4,1
5,14,13,3,1
8,14,6,7,1
15,18,10,6,1
14,18,7,5,1
7,21,5,13,1
10,16,5,9,1
11,15,7,6,1
10,19,4,7,1
3,8,8,7,1
13,13,6,5,1
7,8,6,7,1
9,12,8,10,1
19,17,2,4,1
10,22,6,7,1
8,14,5,8,1
12,21,4,4,1
8,11,6,5,1
5,22,10,7,1
16,17,5,8,1
6,15,5,7,1
11,23,2,3,1
4,17,3,5,1
8,19,9,6,1
5,13,9,7,1
12,22,4,4,1
6,11,10,4,1
8,16,13,8,1
5,15,3,6,1
2,12,6,8,1
3,19,7,6,1
5,14,3,3,1
5,23,5,8,1
7,13,6,2,1
13,30,9,4,1
7,29,16,6,1
13,20,11,11,1
4,28,10,10,1
10,8,10,4,1
5,25,11,19,1
7,23,13,12,1
14,29,10,9,1
11,29,6,14,1
6,31,9,17,1
8,13,12,5,1
4,32,16,16,1
10,26,10,17,1
11,27,15,7,1
7,29,19,11,1
4,16,15,7,1
16,24,13,12,1
6,29,20,13,1
7,24,14,14,1
6,12,7,10,1
5,29,10,17,1
7,24,15,12,1
8,16,12,3,1
5,27,14,23,1
3,31,15,15,1
8,14,15,6,1
5,14,15,9,1
11,24,13,21,1
8,14,2,5,1
9,17,2,3,1
5,13,5,7,1
6,10,4,1,1
9,12,3,4,1
7,10,5,10,1
10,9,6,2,1
13,14,5,3,1
6,15,6,6,1
5,11,2,3,1
18,9,4,2,1
13,6,5,7,1
11,10,4,4,1
5,19,1,4,1
11,6,2,1,1
12,14,4,3,1
9,14,3,5,1
12,11,4,3,1
8,6,3,1,1
12,8,4,7,1
9,8,8,8,1
7,11,5,5,1
8,9,4,1,1
7,9,3,1,1
4,12,1,2,1
7,13,7,5,1
10,12,4,3,1
10,8,6,5,1
8,43,12,8,1
8,41,8,17,1
7,41,8,19,1
6,33,13,10,1
4,42,16,37,1
7,37,25,14,1
6,43,10,19,1
16,38,12,14,1
5,39,23,16,1
2,37,11,12,1
4,40,34,23,1
6,43,27,18,1
6,52,14,20,1
6,46,18,15,1
6,36,9,11,1
3,45,23,31,1
9,41,23,20,1
10,46,17,11,1
6,33,17,14,1
4,46,20,24,1
3,45,19,17,1
7,47,14,13,1
10,34,10,25,1
3,36,18,11,1
6,31,14,17,1
4,43,26,30,1
5,46,29,23,1
7,47,24,22,1
11,17,4,9,1
9,16,12,6,1
3,10,7,6,1
13,16,4,7,1
4,15,4,9,1
10,13,6,6,1
7,17,6,6,1
10,17,9,9,1
4,11,6,8,1
6,19,6,5,1
4,17,2,9,1
2,19,6,6,1
6,16,6,7,1
4,12,6,13,1
5,17,10,7,1
11,8,6,13,1
6,14,6,9,1
10,12,8,6,1
3,11,5,7,1
5,10,6,6,1
6,5,6,7,1
5,7,7,7,1
4,14,8,4,1
7,18,4,5,1
4,21,5,5,1
5,10,7,6,1
7,11,3,6,1
12,12,3,2,1
14,18,9,5,1
7,5,5,5,1
17,8,1,4,1
13,17,13,10,1
11,13,5,3,1
12,16,10,11,1
19,8,4,7,1
7,14,10,7,1
16,7,2,2,1
10,25,9,12,1
9,21,10,8,1
12,18,10,7,1
8,14,11,6,1
2,2,1,1,1
8,11,5,7,1
5,14,6,7,1
2,10,4,1,1
2,2,4,2,1
11,12,8,4,1
11,8,3,2,1
12,12,3,4,1
15,9,4,3,1
11,20,7,6,1
17,18,7,5,1
16,11,7,3,1
13,10,7,7,1
11,6,5,4,1
19,12,6,3,1
4,28,5,7,1
6,24,15,17,1
6,21,14,10,1
6,29,11,9,1
11,19,11,8,1
4,26,13,13,1
5,24,9,8,1
8,20,12,12,1
5,18,5,9,1
4,22,17,13,1
10,20,14,10,1
7,19,12,9,1
6,23,15,10,1
6,21,13,12,1
4,25,11,21,1
7,17,15,20,1
4,26,19,9,1
6,19,18,11,1
8,21,13,10,1
10,15,7,7,1
9,27,4,12,1
7,17,8,4,1
9,26,7,11,1
11,23,11,11,1
5,28,8,12,1
7,25,8,4,1
6,28,11,8,1
5,25,7,10,1
11,36,15,12,1
5,44,12,17,1
8,35,25,21,1
4,23,11,9,1
5,27,9,15,1
10,31,11,13,1
11,40,22,17,1
24,15,16,16,1
10,34,22,15,1
5,19,8,11,1
7,22,12,17,1
8,30,12,16,1
10,36,24,18,1
15,34,14,8,1
4,23,6,12,1
3,28,4,13,1
11,31,5,13,1
12,35,20,12,1
5,21,7,6,1
4,31,13,6,1
7,27,15,14,1
12,41,14,13,1
9,9,3,11,1
9,24,11,7,1
7,21,11,12,1
4,21,5,14,1
3,33,19,5,1
14,27,14,15,1
18,23,7,12,1
16,23,5,8,1
6,22,6,6,1
6,18,6,11,1
6,29,13,11,1
10,19,9,3,1
9,23,11,13,1
16,22,5,8,1
10,20,4,4,1
8,19,4,9,1
11,22,12,11,1
9,17,6,9,1
7,23,8,13,1
6,22,12,8,1
15,15,5,9,1
10,27,11,9,1
12,21,6,3,1
14,20,9,8,1
7,20,4,10,1
6,24,9,10,1
3,25,9,4,1
9,18,10,6,1
2,27,10,6,1
10,13,6,10,1
7,19,6,9,1
6,20,12,10,1
10,23,14,11,1
9,17,10,8,1
13,15,1,7,1
16,12,6,3,1
11,12,8,5,1
14,13,9,6,1
3,13,5,11,1
18,6,4,2,1
15,16,5,2,1
13,20,5,5,1
13,14,4,5,1
10,19,8,8,1
3,17,4,6,1
13,5,2,5,1
16,14,5,5,1
9,17,5,6,1
14,18,5,5,1
7,13,5,6,1
8,10,3,4,1
14,18,3,2,1
7,17,8,6,1
3,13,8,5,1
6,10,5,7,1
12,12,6,7,1
5,14,6,5,1
8,9,8,8,1
13,18,7,5,1
2,6,2,5,1
8,10,5,7,1
14,6,3,5,1
18,25,9,12,1
9,34,9,13,1
7,27,11,9,1
9,25,7,16,1
11,19,12,11,1
12,38,16,10,1
9,22,20,14,1
19,21,10,7,1
11,22,6,8,1
10,24,10,14,1
14,7,15,8,1
13,30,21,7,1
7,21,16,6,1
14,22,5,7,1
9,22,10,17,1
12,18,11,5,1
16,34,16,4,1
9,21,19,8,1
14,15,7,11,1
8,20,8,5,1
14,25,9,4,1
6,29,4,4,1
4,15,9,12,1
8,24,21,9,1
9,14,11,9,1
9,30,8,12,1
11,22,19,11,1
14,25,13,13,1
8,15,6,7,1
9,9,11,8,1
4,11,9,9,1
11,11,5,13,1
9,12,9,14,1
8,10,6,15,1
8,13,5,6,1
9,13,8,4,1
5,11,10,3,1
10,13,11,3,1
10,13,12,4,1
6,13,5,13,1
4,15,5,8,1
5,5,8,6,1
10,17,7,10,1
5,21,7,8,1
6,20,7,7,1
5,13,7,9,1
6,9,9,8,1
4,11,5,6,1
3,10,6,8,1
9,6,5,6,1
11,15,12,8,1
5,20,11,9,1
6,14,7,10,1
3,19,8,10,1
8,13,7,7,1
4,16,7,7,1
20,20,5,3,1
11,25,10,7,1
9,13,5,5,1
8,19,5,6,1
21,12,0,3,1
11,12,6,3,1
7,15,3,5,1
12,26,12,11,1
10,13,5,4,1
12,17,6,8,1
12,22,2,8,1
10,15,7,5,1
5,17,5,2,1
1,24,7,7,1
14,20,8,5,1
14,17,9,3,1
8,20,11,4,1
5,16,7,3,1
7,7,6,3,1
10,4,4,2,1
3,8,5,3,1
3,3,2,3,1
8,18,9,9,1
9,15,12,8,1
6,13,5,6,1
15,6,9,10,1
14,11,4,4,1
9,9,3,6,1
9,31,17,10,1
10,31,14,7,1
5,29,18,13,1
6,19,3,12,1
8,32,12,16,1
7,39,12,12,1
5,32,21,12,1
13,28,7,7,1
7,32,19,17,1
8,13,9,7,1
9,26,19,15,1
5,40,23,14,1
6,29,14,13,1
9,23,11,12,1
12,11,10,6,1
13,22,18,13,1
10,34,5,12,1
8,29,13,11,1
5,14,9,16,1
6,24,17,18,1
5,38,16,22,1
5,28,11,15,1
3,18,11,9,1
7,19,4,11,1
4,18,13,8,1
7,36,15,12,1
6,33,19,15,1
10,31,20,9,1
8,17,8,9,1
8,15,11,5,1
4,17,10,13,1
2,21,7,9,1
5,14,4,9,1
10,19,6,8,1
6,18,13,11,1
4,16,10,4,1
5,11,4,7,1
8,16,6,3,1
4,13,6,9,1
13,13,5,7,1
3,17,8,6,1
8,9,4,8,1
2,16,5,5,1
4,10,5,6,1
5,19,10,5,1
4,20,5,13,1
6,8,4,4,1
2,6,2,4,1
8,9,5,7,1
5,19,15,5,1
9,9,5,9,1
0,24,6,6,1
8,10,3,6,1
8,13,9,4,1
6,6,4,8,1
6,16,13,9,1
12,34,15,11,1
11,41,14,11,1
11,29,12,13,1
10,16,8,10,1
7,32,17,19,1
6,38,6,13,1
3,28,8,12,1
8,46,10,6,1
10,31,9,12,1
5,16,11,13,1
6,38,11,9,1
7,32,13,8,1
6,23,9,14,1
7,35,12,10,1
6,16,14,10,1
5,40,13,19,1
10,36,15,11,1
5,29,7,16,1
5,14,12,12,1
8,33,11,9,1
9,33,6,6,1
4,23,10,16,1
4,11,12,13,1
4,17,8,5,1
2,7,6,5,1
10,34,8,11,1
5,27,7,19,1
7,28,9,20,1
10,18,17,13,1
15,22,16,11,1
6,2,6,4,1
5,26,9,12,1
7,8,11,4,1
4,0,5,3,1
3,4,7,9,1
12,23,14,7,1
9,2,4,6,1
13,13,12,11,1
12,4,7,9,1
6,3,2,4,1
10,3,5,4,1
7,4,5,5,1
8,23,8,14,1
8,10,4,10,1
4,5,3,3,1
5,11,1,4,1
4,3,5,7,1
8,10,6,7,1
3,13,1,4,1
11,8,5,4,1
9,4,3,10,1
8888,3,1,2,1
8,2,0,7,1
10,5,4,6,1
7,14,8,8,1
5,14,4,3,1
0,6,12,20,0
0,9,17,25,0
1,12,21,24,0
0,19,16,15,0
0,7,14,18,0
0,11,11,20,0
2,11,24,22,0
1,9,20,19,0
0,11,16,19,0
0,5,10,14,0
0,9,24,22,0
0,12,18,20,0
0,14,17,19,0
2,6,23,17,0
0,8,15,12,0
0,11,18,20,0
1,18,15,15,0
0,8,17,23,0
0,7,27,15,0
1,5,16,18,0
0,7,21,12,0
1,10,15,19,0
1,11,20,19,0
2,12,21,16,0
2,4,18,10,0
0,9,12,6,0
1,9,15,15,0
0,5,26,18,0
1,4,13,8,0
0,6,16,23,0
1,11,18,11,0
1,17,29,17,0
0,10,25,14,0
0,11,19,26,0
0,11,14,16,0
0,8,22,22,0
2,17,12,23,0
0,7,25,20,0
0,3,4,11,0
0,9,13,12,0
1,10,23,22,0
1,15,17,18,0
1,14,14,14,0
0,18,16,19,0
0,11,19,19,0
0,6,15,6,0
1,7,16,10,0
1,3,10,11,0
2,10,20,16,0
4,2,22,17,0
0,18,14,14,0
2,11,20,14,0
3,11,24,34,0
2,1,26,14,0
0,12,13,18,0
0,12,20,19,0
0,13,16,19,0
2,6,8,19,0
0,12,23,23,0
2,14,18,20,0
2,17,22,19,0
0,8,10,23,0
0,5,10,19,0
2,12,21,23,0
0,8,20,26,0
1,15,12,20,0
1,6,17,16,0
0,6,28,25,0
2,14,20,20,0
0,16,12,16,0
0,5,12,18,0
0,7,19,23,0
0,8,23,17,0
0,12,18,13,0
0,13,21,19,0
3,5,25,23,0
2,17,9,12,0
0,8,6,17,0
1,15,16,18,0
2,3,13,27,0
1,8,18,22,0
1,12,13,18,0
0,11,24,15,0
1,18,17,8,0
1,8,22,14,0
1,20,29,14,0
1,10,23,15,0
0,9,18,22,0
1,17,16,24,0
0,17,21,30,0
1,13,13,21,0
1,10,19,24,0
3,10,18,23,0
0,8,12,18,0
0,8,13,17,0
1,18,17,29,0
2,11,16,19,0
1,10,36,20,0
0,14,22,22,0
0,18,17,7,0
0,9,21,10,0
1,6,8,13,0
0,2,5,8,0
0,7,14,18,0
0,13,12,6,0
1,20,6,23,0
0,8,7,4,0
0,13,14,8,0
1,6,15,16,0
1,13,11,5,0
1,8,17,7,0
0,4,13,14,0
0,11,7,15,0
0,5,13,7,0
0,3,20,12,0
0,7,8,7,0
0,5,18,10,0
0,2,13,5,0
0,0,0,0,0
0,5,10,7,0
0,8,16,14,0
0,9,9,12,0
0,1,11,12,0
0,4,17,7,0
0,3,10,9,0
1,3,17,17,0
8888,3,2,3,0
0,2,11,17,0
0,11,21,9,0
1,8,26,8,0
0,2,18,12,0
2,9,10,20,0
0,3,13,9,0
0,8,11,15,0
0,7,14,7,0
1,7,21,11,0
0,2,9,3,0
1,10,12,12,0
0,4,10,15,0
1,9,7,16,0
0,11,12,5,0
0,8,12,9,0
0,9,17,9,0
0,3,14,5,0
0,1,14,14,0
0,0,0,0,0
0,5,12,8,0
0,1,23,15,0
0,6,7,17,0
0,7,18,15,0
0,7,15,11,0
0,2,16,11,0
0,1,6,13,0
0,9,19,9,0
0,9,8,14,0
0,6,22,9,0
0,12,10,24,0
1,14,17,11,0
3,9,21,13,0
0,3,4,7,0
2,3,6,6,0
0,3,12,14,0
2,4,14,17,0
1,7,21,10,0
0,7,17,11,0
0,6,13,13,0
0,6,26,15,0
1,10,15,4,0
1,5,10,9,0
1,4,11,14,0
0,2,14,13,0
0,2,5,10,0
0,10,4,17,0
0,4,16,13,0
0,6,10,6,0
1,11,9,9,0
0,4,19,15,0
1,4,5,18,0
0,8,8,10,0
1,7,12,3,0
0,5,10,12,0
0,5,21,13,0
0,9,14,20,0
1,9,7,18,0
2,11,16,15,0
0,4,18,17,0
1,9,23,5,0
0,12,8,22,0
1,15,21,15,0
0,6,9,8,0
0,2,9,23,0
0,4,12,12,0
0,3,13,8,0
1,10,20,8,0
0,10,21,13,0
0,6,22,7,0
2,10,9,14,0
1,11,24,17,0
2,8,21,10,0
0,7,9,12,0
0,7,17,25,0
2,15,15,15,0
0,29,11,8,0
1,7,11,14,0
1,11,6,16,0
0,8,27,25,0
1,11,11,20,0
2,10,11,18,0
0,7,23,19,0
0,10,12,15,0
1,6,21,11,0
0,7,31,16,0
2,11,12,9,0
1,9,6,28,0
0,9,20,8,0
2,3,10,31,0
2,8,12,7,0
1,4,30,27,0
0,8,31,19,0
0,3,22,13,0
0,3,15,8,0
0,5,19,10,0
0,8,20,12,0
0,3,11,4,0
2,3,25,22,0
3,11,22,14,0
1,14,29,10,0
0,5,34,28,0
1,7,26,25,0
2,3,11,20,0
1,5,23,22,0
1,11,9,32,0
0,12,26,12,0
0,1,8,10,0
0,12,12,18,0
0,9,31,19,0
0,10,15,23,0
0,12,20,9,0
2,11,12,24,0
1,10,17,14,0
0,4,3,8,0
1,2,16,19,0
0,2,4,14,0
1,4,39,18,0
4,1,27,16,0
0,6,32,13,0
3,5,20,23,0
0,11,18,41,0
0,2,30,12,0
0,5,19,16,0
1,12,16,12,0
3,8,22,10,0
0,6,15,11,0
0,9,23,26,0
3,17,17,14,0
0,12,35,25,0
0,4,43,7,0
1,3,17,9,0
0,7,37,18,0
0,5,19,21,0
1,8,26,14,0
1,8,18,9,0
0,7,32,26,0
0,6,32,20,0
1,10,21,12,0
0,7,10,12,0
2,2,18,25,0
0,6,15,31,0
0,4,23,15,0
3,6,23,11,0
4,7,16,23,0
1,8,36,10,0
0,8,7,16,0
0,6,24,17,0
1,6,6,21,0
2,9,10,14,0
3,6,17,7,0
0,6,22,22,0
2,12,24,9,0
0,9,13,25,0
0,14,42,16,0
0,17,12,17,0
1,6,19,20,0
1,12,28,8,0
1,13,19,37,0
0,13,25,21,0
1,5,23,17,0
0,8,34,17,0
0,5,19,11,0
0,2,27,15,0
1,11,14,39,0
1,9,25,23,0
1,7,35,16,0
2,9,28,26,0
2,16,11,14,0
0,4,16,18,0
0,8,27,12,0
1,14,19,21,0
2,17,25,19,0
0,15,15,15,0
2,11,16,7,0
0,8,17,27,0
3,14,19,18,0
1,14,19,20,0
2,9,21,16,0
3,11,16,14,0
0,14,14,13,0
0,11,22,18,0
4,11,11,15,0
2,10,15,30,0
0,5,20,16,0
5,0,20,27,0
0,13,14,13,0
0,6,21,19,0
1,10,17,26,0
0,7,20,23,0
0,6,15,14,0
0,10,16,14,0
2,7,16,32,0
2,4,6,6,0
1,7,18,30,0
0,11,17,21,0
0,21,14,28,0
0,7,20,30,0
1,21,18,14,0
2,8,18,20,0
0,10,27,24,0
0,15,15,23,0
2,13,25,21,0
0,5,13,6,0
1,14,18,9,0
0,14,19,24,0
1,15,14,18,0
2,8,22,16,0
0,16,20,13,0
1,21,16,15,0
0,7,11,5,0
0,7,15,25,0
0,7,8,19,0
0,9,25,13,0
1,8,26,14,0
1,9,16,29,0
0,9,17,23,0
1,13,27,33,0
1,9,24,16,0
2,4,20,19,0
2,13,18,18,0
2,15,15,17,0
3,6,16,21,0
0,15,22,15,0
2,15,26,21,0
1,16,24,27,0
0,5,5,23,0
1,8,7,19,0
0,12,26,27,0
1,12,25,17,0
1,10,27,25,0
0,5,23,25,0
1,11,27,14,0
2,14,23,24,0
2,17,14,6,0
3,10,22,7,0
0,11,20,27,0
2,6,29,26,0
0,8,9,14,0
0,12,14,19,0
1,8,31,21,0
0,11,8,13,0
3,9,19,3,0
1,9,25,19,0
3,10,9,19,0
2,13,20,14,0
0,14,20,11,0
2,13,23,11,0
3,13,25,22,0
3,9,13,25,0
1,20,27,13,0
1,17,20,11,0
1,12,18,27,0
1,16,14,27,0
1,17,30,20,0
0,13,21,20,0
1,13,17,16,0
1,10,16,25,0
2,5,28,18,0
1,8,18,21,0
1,15,30,16,0
2,10,17,22,0
1,15,30,14,0
0,15,15,23,0
0,7,9,15,0
0,8,21,13,0
1,15,18,12,0
1,17,8,6,0
0,11,11,15,0
0,4,7,8,0
0,3,19,26,0
1,18,12,13,0
1,16,16,11,0
0,9,18,20,0
0,6,13,10,0
0,12,16,16,0
1,6,25,22,0
0,16,9,15,0
0,9,29,13,0
0,8,12,15,0
1,6,23,12,0
0,16,13,9,0
0,8,20,19,0
1,11,20,17,0
1,5,19,14,0
1,8,9,6,0
0,9,15,18,0
0,6,24,13,0
0,10,7,4,0
1,6,16,18,0
0,12,8,14,0
2,21,9,19,0
0,7,18,26,0
1,12,12,22,0
0,11,15,11,0
0,9,20,17,0
1,22,6,20,0
0,7,29,16,0
8888,5,3,2,0
0,7,9,9,0
0,12,20,20,0
2,18,13,10,0
1,16,9,14,0
2,19,17,11,0
1,11,14,15,0
0,5,8,5,0
2,4,16,18,0
0,4,8,7,0
0,8,26,19,0
0,4,15,17,0
0,14,20,13,0
0,8,16,20,0
0,17,28,17,0
2,3,23,15,0
1,13,17,13,0
2,12,14,15,0
1,18,9,12,0
0,8,13,5,0
0,12,20,13,0
0,21,13,11,0
0,18,17,16,0
1,9,20,6,0
1,7,5,15,0
1,8,23,26,0
0,10,20,13,0
0,16,16,12,0
1,6,13,16,0
0,6,15,24,0
1,6,24,25,0
0,13,19,11,0
0,10,3,10,0
0,8,18,19,0
0,8,26,18,0
0,12,12,18,0
1,16,12,12,0
2,11,13,19,0
2,16,11,8,0
1,10,1,12,0
0,9,21,18,0
0,8,10,19,0
0,14,10,16,0
3,12,15,6,0
0,14,9,22,0
0,11,26,13,0
0,9,17,11,0
0,21,25,12,0
0,13,9,16,0
0,11,13,16,0
2,12,25,16,0
1,15,28,19,0
0,12,17,12,0
2,12,19,12,0
0,12,20,18,0
0,8,13,14,0
1,3,17,15,0
1,23,10,25,0
1,7,22,19,0
0,14,22,15,0
2,13,15,19,0
0,7,10,8,0
0,6,16,19,0
0,7,12,8,0
0,8,8,12,0
0,3,8,9,0
0,9,9,19,0
1,6,16,14,0
0,3,14,14,0
2,5,18,12,0
0,7,10,8,0
0,3,16,18,0
0,11,20,13,0
0,10,9,11,0
0,11,22,8,0
0,10,16,12,0
0,13,22,9,0
0,6,13,14,0
0,6,20,10,0
1,7,18,13,0
0,9,12,9,0
1,2,14,12,0
0,9,9,8,0
1,4,9,12,0
0,2,11,7,0
0,11,11,11,0
0,6,17,2,0
2,8,19,9,0
0,8,11,18,0
0,9,11,14,0
1,9,8,13,0
0,10,13,10,0
0,12,9,26,0
0,5,12,27,0
0,4,13,7,0
0,3,13,11,0
1,11,19,9,0
0,8,15,17,0
0,10,14,3,0
0,12,20,10,0
0,7,17,15,0
1,6,9,2,0
0,6,14,16,0
1,5,4,6,0
0,9,20,7,0
0,7,9,7,0
3,7,12,29,0
1,7,10,9,0
0,15,18,10,0
0,10,13,8,0
2,4,16,18,0
1,7,14,11,0
0,8,16,13,0
2,5,19,7,0
1,8,7,8,0
0,5,16,16,0
0,16,16,9,0
1,10,21,5,0
3,3,12,9,0
0,11,23,14,0
2,7,8,12,0
0,9,22,8,0
0,9,11,10,0
0,8,17,16,0
0,10,16,13,0
0,2,18,6,0
0,4,12,10,0
0,11,15,11,0
0,11,21,11,0
3,4,8,11,0
0,7,16,12,0
0,10,11,15,0
0,10,14,4,0
0,1,3,7,0
0,7,20,15,0
0,6,17,9,0
1,6,13,13,0
4,5,11,20,0
0,8,9,13,0
1,6,24,12,0
2,8,12,9,0
0,15,20,5,0
0,4,11,16,0
1,7,9,12,0
0,6,14,17,0
1,11,13,21,0
0,9,14,5,0
0,10,17,14,0
0,14,10,18,0
0,8,12,11,0
0,9,12,11,0
2,14,22,8,0
0,8,14,7,0
2,11,30,12,0
1,7,16,12,0
0,6,23,17,0
1,8,33,13,0
0,3,14,13,0
0,8,18,10,0
1,13,19,10,0
3,3,15,25,0
1,4,26,12,0
1,12,20,11,0
0,9,18,8,0
0,4,17,15,0
0,13,21,10,0
0,5,13,15,0
0,9,26,10,0
1,8,11,4,0
1,7,18,9,0
0,3,16,12,0
1,15,8,13,0
0,10,17,10,0
2,3,11,14,0
1,6,7,15,0
2,6,10,12,0
0,6,19,16,0
0,1,11,9,0
0,10,15,15,0
1,16,21,4,0
1,8,32,12,0
0,10,14,15,0
0,15,22,12,0
0,7,14,10,0
0,11,13,18,0
2,12,24,7,0
1,6,29,14,0
0,1,10,4,0
0,4,18,9,0
1,11,11,19,0
0,8,21,15,0
1,10,10,21,0
1,9,25,13,0
0,11,20,12,0
0,4,15,6,0
1,6,16,13,0
0,1,8,11,0
2,10,16,6,0
1,6,17,16,0
3,11,21,8,0
1,14,9,15,0
1,11,27,11,0
1,6,11,18,0
0,8,15,12,0
1,9,13,23,0
0,7,22,13,0
0,5,23,8,0
0,11,27,17,0
0,7,28,15,0
1,16,11,27,0
0,8,2,17,0
0,4,8,10,0
0,9,20,14,0
0,9,18,20,0
2,12,5,22,0
1,10,19,10,0
0,13,13,14,0
0,10,33,16,0
0,5,24,11,0
0,4,14,10,0
1,11,13,12,0
0,12,10,18,0
0,7,10,8,0
5,5,18,12,0
3,1,18,18,0
1,9,7,15,0
0,6,14,15,0
0,9,18,15,0
1,5,4,20,0
0,5,14,17,0
1,4,10,21,0
0,6,14,18,0
0,12,24,9,0
2,11,14,16,0
0,18,5,25,0
1,7,22,15,0
1,11,18,11,0
0,7,30,11,0
0,15,28,10,0
1,12,28,13,0
0,9,17,12,0
0,9,22,9,0
2,8,15,9,0
0,6,15,10,0
0,11,36,15,0
1,12,25,13,0
0,12,25,7,0
1,10,14,20,0
0,17,13,17,0
1,14,9,14,0
2,5,11,9,0
0,7,28,21,0
0,17,15,16,0
5,12,17,14,0
1,4,23,22,0
0,12,13,6,0
1,10,16,23,0
0,8,31,22,0
2,15,12,13,0
2,5,34,9,0
0,9,12,30,0
0,6,33,10,0
2,12,15,14,0
0,8,25,20,0
0,13,30,20,0
1,3,28,15,0
0,4,16,10,0
0,3,29,16,0
3,3,24,22,0
0,5,9,6,0
0,5,27,23,0
0,7,22,11,0
2,19,28,12,0
0,5,28,29,0
2,13,17,20,0
2,7,23,16,0
0,8,17,24,0
1,15,29,7,0
1,11,28,14,0
1,4,13,5,0
3,4,15,13,0
0,11,31,19,0
3,14,21,16,0
1,14,10,18,0
0,13,19,27,0
1,12,20,14,0
0,3,14,5,0
0,6,16,15,0
1,4,10,8,0
2,3,17,36,0
1,4,17,18,0
1,7,33,18,0
1,9,15,16,0
0,19,19,44,0
1,3,28,12,0
0,6,23,20,0
0,13,19,15,0
3,14,12,17,0
0,5,7,23,0
0,11,22,21,0
3,21,12,15,0
1,20,16,27,0
0,5,38,7,0
2,7,17,9,0
0,12,37,20,0
0,8,19,21,0
2,10,25,17,0
1,7,19,10,0
1,7,31,24,0
0,9,30,22,0
2,10,11,21,0
1,10,11,11,0
0,7,28,18,0
0,7,16,32,0
0,9,20,18,0
0,13,14,21,0
0,3,33,26,0
1,14,23,9,0
2,6,3,16,0
1,6,25,21,0
0,10,24,10,0
2,12,17,14,0
1,8,11,25,0
3,9,19,23,0
2,8,29,13,0
0,11,13,15,0
2,21,35,12,0
1,17,7,14,0
0,8,20,19,0
2,18,26,11,0
1,12,25,40,0
0,8,24,19,0
0,11,25,19,0
0,8,24,38,0
0,4,20,19,0
0,8,14,31,0
1,18,33,17,0
0,8,23,21,0
0,13,46,17,0
1,14,21,23,0
0,13,12,14,0
2,16,17,10,0
1,6,15,32,0
2,19,9,16,0
2,17,10,14,0
0,7,13,26,0
1,20,19,12,0
1,10,12,12,0
1,7,17,17,0
1,12,10,14,0
2,9,19,13,0
3,4,12,11,0
1,6,11,17,0
2,9,10,15,0
1,6,15,28,0
0,10,18,17,0
1,5,16,15,0
1,7,14,14,0
3,4,15,10,0
0,14,28,14,0
8888,5,2,2,0
2,7,31,13,0
1,12,21,22,0
1,22,14,20,0
0,8,30,8,0
1,18,28,17,0
1,13,9,12,0
0,11,18,27,0
1,14,9,8,0
0,17,17,22,0
0,6,12,9,0
3,16,24,10,0
1,9,10,22,0
3,15,14,15,0
1,14,9,12,0
2,14,10,15,0
1,20,14,14,0
1,3,18,12,0
2,5,14,23,0
0,6,20,9,0
0,7,13,15,0
2,8,15,35,0
1,13,14,13,0
0,11,26,15,0
2,13,18,19,0
0,5,23,15,0
0,4,9,22,0
2,18,19,13,0
1,15,15,13,0
1,11,18,20,0
1,17,21,27,0
1,22,12,20,0
2,25,22,17,0
1,4,5,9,0
2,8,14,7,0
1,7,18,22,0
1,13,23,14,0
1,15,20,20,0
1,12,19,15,0
0,10,29,15,0
1,12,25,31,0
2,11,12,16,0
0,11,12,21,0
0,10,13,24,0
1,10,15,12,0
0,4,13,7,0
2,12,14,13,0
1,8,15,20,0
1,4,11,12,0
1,12,7,21,0
0,11,19,19,0
3,10,8,19,0
0,18,6,14,0
0,11,18,10,0
0,12,7,17,0
1,17,18,16,0
1,13,32,12,0
3,16,17,13,0
0,22,26,12,0
0,12,18,28,0
2,15,22,11,0
1,17,18,21,0
0,17,22,28,0
0,14,14,11,0
0,9,20,16,0
1,8,14,19,0
0,6,15,17,0
2,18,12,21,0
3,10,29,20,0
2,7,16,29,0
2,11,28,12,0
0,5,9,8,0
0,3,18,14,0
1,11,19,18,0
2,12,16,14,0
0,4,13,13,0
0,6,13,11,0
2,8,14,17,0
1,5,21,16,0
0,15,5,10,0
2,8,8,17,0
0,7,13,14,0
0,5,10,18,0
1,12,9,15,0
0,5,16,14,0
0,9,17,18,0
1,6,14,14,0
0,1,17,11,0
0,10,10,15,0
0,5,13,21,0
0,4,9,5,0
1,6,17,14,0
0,5,23,10,0
0,15,26,13,0
0,2,13,17,0
0,10,19,15,0
0,7,14,14,0
0,11,18,14,0
0,16,11,19,0
0,8,19,13,0
0,5,9,8,0
1,7,11,12,0
0,10,17,13,0
1,8,12,16,0
1,10,7,12,0
0,13,18,10,0
0,11,14,14,0
0,5,9,6,0
0,4,7,17,0
0,7,11,5,0
0,6,17,11,0
0,7,11,16,0
0,8,19,13,0
0,3,16,15,0
0,13,24,17,0
0,7,15,11,0
0,5,13,20,0
1,9,18,17,0
1,9,19,17,0
0,2,18,9,0
0,6,16,15,0
0,17,13,16,0
1,12,16,17,0
0,5,18,4,0
1,5,19,8,0
0,9,20,17,0
0,8,17,13,0
0,9,16,24,0
0,5,17,14,0
1,5,21,14,0
0,10,19,16,0
0,11,15,7,0
0,7,8,13,0
0,7,15,21,0
0,10,16,13,0
0,10,4,10,0
1,8,15,10,0
0,10,16,13,0
0,8,11,6,0
0,5,4,8,0
0,3,19,19,0
2,12,15,7,0
1,15,13,13,0
0,10,20,15,0
0,10,10,17,0
0,9,26,15,0
1,6,12,17,0
1,18,7,21,0
1,13,12,4,0
0,6,13,20,0
1,13,20,15,0
0,11,23,19,0
0,5,20,13,0
0,11,15,16,0
0,10,18,17,0
0,5,15,16,0
0,9,12,8,0
0,12,12,23,0
0,2,15,19,0
0,12,25,15,0
0,10,13,14,0
2,5,15,11,0
2,10,9,9,0
3,1,16,11,0
0,4,17,12,0
2,12,13,13,0
2,2,7,12,0
0,3,15,10,0
0,6,7,5,0
1,6,9,14,0
0,2,12,7,0
1,3,8,14,0
0,7,7,5,0
0,2,13,11,0
1,6,12,5,0
0,6,7,16,0
0,5,16,9,0
0,3,9,9,0
0,8,14,18,0
0,0,0,0,0
2,5,22,8,0
1,10,19,7,0
0,6,24,11,0
0,3,8,18,0
1,11,12,14,0
0,6,12,9,0
0,12,11,16,0
0,2,14,7,0
1,10,9,14,0
0,8,3,7,0
0,8,14,17,0
0,6,12,9,0
0,4,10,10,0
0,9,11,3,0
0,4,12,9,0
0,15,13,11,0
0,6,14,5,0
0,8,8,12,0
0,6,5,16,0
0,0,0,0,0
0,8,10,22,0
2,4,15,8,0
2,8,11,13,0
1,4,12,8,0
0,6,8,12,0
0,0,0,0,0
1,6,11,18,0
0,5,11,11,0
1,9,18,11,0
0,13,12,9,0
0,8,15,14,0
0,14,13,13,0
0,1,8,1,0
1,4,6,6,0
0,5,12,11,0
2,11,8,13,0
1,3,22,17,0
1,7,14,15,0
1,9,16,9,0
1,7,19,12,0
0,2,16,4,0
1,10,9,5,0
0,3,10,20,0
0,2,16,15,0
0,0,0,0,0
0,5,11,6,0
0,5,10,12,0
1,2,5,1,0
1,6,7,14,0
0,4,14,12,0
2,2,20,6,0
0,8,9,10,0
1,6,5,14,0
0,5,9,5,0
2,5,18,18,0
0,11,10,18,0
0,7,15,5,0
0,13,10,13,0
0,10,16,16,0
0,5,18,6,0
0,8,7,14,0
0,13,14,15,0
0,5,10,5,0
3,4,5,17,0
0,6,9,12,0
1,6,8,10,0
2,6,8,14,0
0,12,10,13,0
0,7,6,23,0
0,8,8,11,0
0,8,21,18,0
0,3,27,21,0
1,14,14,19,0
1,10,12,5,0
1,5,19,20,0
0,13,22,20,0
0,5,14,22,0
0,9,23,13,0
2,10,14,11,0
1,11,19,13,0
0,5,18,13,0
0,18,15,15,0
0,12,22,20,0
0,8,12,13,0
3,4,8,12,0
0,8,14,12,0
1,5,16,18,0
0,4,9,7,0
0,10,18,19,0
0,12,26,6,0
1,8,31,16,0
1,16,18,15,0
0,11,22,23,0
0,5,18,10,0
1,11,16,14,0
0,18,24,11,0
1,10,10,23,0
1,4,4,4,0
0,5,16,11,0
1,16,17,19,0
0,4,22,28,0
0,8,24,20,0
2,7,25,24,0
0,9,19,18,0
0,6,4,6,0
0,8,13,14,0
0,2,2,9,0
2,10,14,22,0
2,10,7,12,0
4,4,24,24,0
1,14,13,20,0
0,18,26,17,0
2,10,13,9,0
0,6,20,18,0
0,6,18,23,0
0,8,22,17,0
1,5,17,6,0
0,15,16,20,0
0,7,27,21,0
1,18,25,18,0
0,17,2,22,0
0,1,17,9,0
1,18,14,19,0
0,8,16,25,0
0,12,21,10,0
0,10,14,14,0
0,16,15,20,0
2,7,28,21,0
3,4,23,10,0
1,4,13,9,0
3,13,12,12,0
2,7,14,22,0
0,8,13,16,0
0,7,18,23,0
0,9,19,23,0
0,10,15,26,0
0,3,9,14,0
1,11,16,18,0
0,6,19,7,0
0,3,20,17,0
0,7,16,12,0
0,13,11,20,0
1,9,25,9,0
1,10,13,16,0
1,18,30,14,0
0,9,16,18,0
0,9,17,16,0
0,10,15,27,0
1,18,24,16,0
0,16,21,10,0
1,12,15,21,0
0,9,24,22,0
0,9,14,13,0
0,13,9,9,0
0,13,22,30,0
0,10,23,21,0
0,20,11,20,0
1,11,25,23,0
2,14,19,16,0
1,9,24,21,0
1,17,12,14,0
0,9,24,19,0
1,10,16,23,0
0,13,11,14,0
2,8,14,33,0
2,9,17,11,0
2,6,15,25,0
2,13,15,14,0
1,8,18,16,0
0,10,24,20,0
6,3,17,21,0
0,6,16,12,0
0,8,21,17,0
2,8,18,23,0
0,10,4,6,0
0,6,27,30,0
1,8,20,15,0
2,17,28,15,0
0,10,17,25,0
3,11,20,21,0
2,11,22,17,0
0,11,27,25,0
1,19,19,8,0
1,15,17,26,0
1,7,7,12,0
2,10,12,12,0
1,9,21,25,0
2,9,16,17,0
1,14,12,16,0
2,9,16,24,0
1,19,16,17,0
0,5,17,8,0
1,6,19,19,0
2,6,11,12,0
1,10,15,20,0
1,7,21,15,0
2,8,29,21,0
2,6,18,24,0
0,15,32,19,0
1,8,24,16,0
0,8,18,17,0
1,21,12,11,0
1,18,13,18,0
0,8,25,12,0
1,14,13,20,0
0,17,17,18,0
2,17,18,22,0
1,7,9,23,0
2,11,11,17,0
2,8,26,29,0
2,11,13,19,0
4,13,24,17,0
0,11,18,19,0
2,7,28,21,0
3,9,19,24,0
0,14,16,9,0
0,14,13,16,0
0,11,26,23,0
0,8,29,20,0
0,9,10,12,0
1,11,12,17,0
0,10,18,21,0
1,10,7,15,0
0,9,3,13,0
1,6,22,20,0
0,14,11,22,0
0,18,19,14,0
3,10,13,21,0
0,13,11,20,0
4,10,19,29,0
1,16,16,10,0
1,22,11,27,0
4,12,16,13,0
1,12,20,18,0
0,19,25,12,0
1,17,28,19,0
2,9,22,17,0
1,14,20,14,0
0,10,30,17,0
1,8,20,18,0
2,4,27,24,0
0,19,12,25,0
2,13,16,14,0
1,15,13,37,0
0,11,16,23,0
0,2,27,18,0
0,7,13,18,0
1,11,17,15,0
0,9,20,17,0
1,9,13,15,0
1,7,26,10,0
1,7,15,8,0
0,1,23,13,0
3,10,12,12,0
0,5,16,24,0
0,8,22,23,0
0,3,12,20,0
0,6,14,10,0
0,4,11,19,0
0,4,17,30,0
0,5,6,5,0
0,3,18,25,0
0,9,18,19,0
2,17,25,16,0
0,1,18,30,0
0,13,19,17,0
0,9,18,14,0
1,5,20,23,0
1,17,8,15,0
1,8,30,23,0
0,1,17,6,0
0,8,14,12,0
0,5,18,26,0
0,11,14,17,0
2,10,17,19,0
1,14,15,18,0
2,12,19,15,0
0,2,16,4,0
0,1,12,15,0
0,4,13,12,0
0,5,17,22,0
0,3,19,25,0
1,10,14,22,0
3,3,17,24,0
2,14,20,25,0
0,2,23,12,0
0,5,16,19,0
3,16,12,13,0
2,13,14,14,0
0,7,22,9,0
0,9,21,14,0
3,19,14,16,0
0,11,22,21,0
0,5,16,7,0
1,6,17,10,0
0,9,24,21,0
1,8,22,15,0
1,11,26,18,0
0,6,21,17,0
0,3,28,18,0
0,12,22,20,0
0,14,17,14,0
0,9,10,12,0
0,4,23,19,0
0,6,26,11,0
0,6,8,16,0
1,10,19,16,0
2,5,18,24,0
0,10,9,16,0
0,6,4,22,0
0,3,22,25,0
0,10,23,7,0
1,13,18,12,0
0,11,23,13,0
0,8,13,22,0
2,13,11,24,0
1,6,24,15,0
2,17,15,27,0
1,10,22,12,0
2,3,28,19,0
2,20,10,23,0
0,11,29,24,0
1,7,22,22,0
0,13,15,19,0
0,8,26,19,0
0,8,13,19,0
1,5,20,15,0
1,10,19,29,0
0,6,19,25,0
0,7,37,22,0
1,7,25,14,0
1,6,18,13,0
0,5,21,20,0
0,12,22,16,0
0,6,12,17,0
1,17,10,21,0
1,10,11,13,0
2,16,15,11,0
0,3,18,20,0
0,12,15,17,0
1,12,16,16,0
3,12,15,9,0
0,8,10,13,0
3,9,9,18,0
0,7,16,23,0
0,4,10,15,0
1,14,15,20,0
2,14,20,3,0
0,11,16,27,0
2,16,16,20,0
0,11,23,18,0
0,8,17,16,0
1,16,16,18,0
0,19,9,23,0
0,14,22,12,0
0,1,5,10,0
0,4,20,11,0
1,20,13,9,0
0,4,22,27,0
0,11,19,10,0
1,13,15,20,0
1,9,22,20,0
0,4,8,7,0
1,15,10,15,0
0,6,9,4,0
0,17,20,11,0
2,9,12,10,0
0,11,23,29,0
2,9,17,14,0
0,17,27,13,0
1,16,11,15,0
0,8,18,16,0
0,4,25,21,0
1,8,21,24,0
0,7,20,10,0
0,8,20,22,0
0,7,23,20,0
0,13,29,23,0
2,12,24,10,0
0,3,10,20,0
0,17,16,23,0
1,8,18,25,0
2,12,22,10,0
0,11,20,19,0
1,17,19,16,0
1,11,19,23,0
0,7,18,14,0
1,4,13,19,0
3,17,13,12,0
1,15,20,15,0
1,7,17,14,0
1,9,14,19,0
0,13,19,18,0
0,12,25,11,0
0,5,14,10,0
0,11,16,19,0
0,6,21,13,0
0,6,22,18,0
2,7,14,17,0
1,9,21,13,0
1,14,16,26,0
2,7,21,16,0
3,9,17,36,0
2,8,19,15,0
0,14,15,18,0
0,8,15,28,0
1,13,28,18,0
0,12,24,14,0
0,12,14,16,0
1,8,20,25,0
0,10,16,19,0
1,10,12,17,0
0,17,32,16,0
1,8,20,20,0
1,17,19,11,0
0,11,20,20,0
0,8,13,10,0
3,8,10,9,0
0,8,6,8,0
0,12,16,12,0
1,8,7,11,0
0,11,11,8,0
0,9,9,14,0
1,4,14,10,0
1,11,6,6,0
0,10,16,13,0
3,9,14,13,0
0,8,9,14,0
1,12,14,20,0
0,2,3,3,0
5,7,9,21,0
0,8,21,10,0
1,13,22,14,0
2,7,6,16,0
1,14,14,15,0
0,13,12,17,0
2,10,17,15,0
1,6,11,8,0
1,20,13,20,0
1,8,11,9,0
1,10,16,18,0
1,9,10,14,0
0,10,8,12,0
0,10,9,9,0
1,8,11,12,0
1,20,13,13,0
1,8,13,9,0
0,13,16,17,0
2,10,17,6,0
0,9,9,1,0
0,15,13,20,0
2,14,10,11,0
1,9,11,14,0
1,9,14,12,0
1,6,14,17,0
2,6,11,3,0
1,13,15,13,0
0,11,13,15,0
0,16,18,15,0
1,13,18,13,0
2,8,13,18,0
0,18,16,17,0
1,4,8,4,0
0,7,10,16,0
0,11,14,16,0
0,14,19,12,0
3,13,17,19,0
2,11,17,17,0
0,12,18,9,0
0,14,13,19,0
0,8,13,6,0
1,11,13,19,0
0,19,13,11,0
0,7,18,16,0
0,3,3,4,0
0,5,13,14,0
0,6,14,16,0
0,4,4,3,0
0,7,7,17,0
0,13,13,14,0
0,10,21,11,0
0,15,9,16,0
0,13,15,8,0
0,7,5,16,0
2,13,19,20,0
0,17,14,8,0
1,12,13,9,0
1,17,15,10,0
1,16,17,13,0
0,8,20,10,0
2,12,11,14,0
0,15,13,15,0
0,13,9,8,0
0,10,9,18,0
2,10,13,16,0
0,13,11,13,0
2,13,15,11,0
2,11,11,16,0
1,13,23,9,0
2,5,8,17,0
0,8,17,24,0
1,10,15,14,0
0,12,26,11,0
4,0,25,22,0
0,5,15,29,0
1,12,17,13,0
1,5,16,20,0
3,6,23,20,0
1,5,22,16,0
0,5,12,13,0
0,8,22,21,0
1,5,14,25,0
1,5,8,11,0
4,4,23,20,0
0,4,21,14,0
2,17,19,13,0
1,5,22,22,0
1,9,14,13,0
1,15,15,17,0
0,6,24,20,0
1,12,29,13,0
2,6,15,25,0
1,2,13,7,0
0,10,12,9,0
0,6,26,23,0
1,11,15,19,0
1,8,16,14,0
0,13,20,14,0
1,9,18,18,0
0,3,12,7,0
1,3,21,15,0
0,3,11,14,0
0,9,25,14,0
2,2,15,20,0
1,8,27,16,0
1,4,15,15,0
1,9,36,23,0
0,7,12,22,0
1,6,20,19,0
0,12,14,15,0
1,11,16,18,0
0,7,18,14,0
0,7,15,12,0
1,11,16,20,0
1,10,25,18,0
0,6,29,14,0
0,8,9,25,0
1,9,30,23,0
0,2,21,15,0
1,6,17,27,0
0,4,19,17,0
1,5,23,20,0
0,7,23,20,0
3,9,13,12,0
0,9,12,25,0
1,6,26,22,0
1,12,25,15,0
0,7,15,17,0
0,11,13,13,0
0,8,20,22,0
0,9,16,11,0
1,3,2,13,0
0,9,14,17,0
1,15,19,18,0
0,11,15,22,0
0,8,24,17,0
2,7,22,14,0
1,11,17,23,0
0,5,16,20,0
1,18,24,13,0
1,7,10,17,0
0,6,22,16,0
1,12,19,17,0
0,8,32,23,0
0,7,19,13,0
1,9,20,19,0
3,5,28,24,0
0,5,18,23,0
0,8,18,20,0
0,11,28,18,0
1,4,18,17,0
0,12,37,23,0
0,8,18,22,0
0,7,15,25,0
3,7,19,27,0
2,11,14,11,0
1,10,24,13,0
2,5,15,21,0
0,15,19,20,0
0,18,16,18,0
1,7,11,12,0
0,5,14,12,0
0,9,10,18,0
0,7,11,24,0
0,4,10,15,0
0,9,12,24,0
1,8,19,11,0
0,13,19,26,0
1,20,12,17,0
0,13,18,23,0
0,12,14,15,0
0,12,12,21,0
1,18,26,16,0
2,6,21,29,0
0,2,13,5,0
0,6,9,14,0
3,15,18,14,0
3,7,22,28,0
0,11,21,19,0
0,16,21,22,0
0,14,20,9,0
0,4,11,8,0
1,7,20,11,0
1,2,9,6,0
1,18,18,11,0
0,7,13,18,0
2,18,17,19,0
0,16,16,8,0
3,19,17,21,0
0,7,14,14,0
1,9,16,22,0
1,4,21,24,0
2,6,23,22,0
0,9,19,11,0
1,15,19,15,0
0,7,22,26,0
1,20,21,19,0
2,16,20,8,0
0,7,19,8,0
0,19,21,19,0
3,9,14,22,0
0,8,25,17,0
2,8,12,17,0
0,10,18,27,0
3,16,20,17,0
0,9,15,22,0
0,7,19,8,0
2,10,21,16,0
0,12,17,23,0
0,16,13,6,0
1,9,24,22,0
2,7,18,28,0
0,16,22,16,0
0,2,7,20,0
4,12,15,15,0
2,4,16,23,0
0,10,23,13,0
2,7,17,22,0
0,12,11,25,0
0,16,17,11,0
0,10,12,19,0
1,22,15,26,0
0,10,11,20,0
1,8,13,22,0
2,11,28,19,0
3,14,23,29,0
0,13,17,14,0
1,12,18,22,0
0,21,15,17,0
1,9,19,12,0
1,11,10,15,0
2,19,17,26,0
0,15,17,15,0
2,18,27,18,0
2,16,21,15,0
0,8,25,10,0
0,6,14,23,0
0,6,9,29,0
2,10,12,12,0
1,4,19,14,0
1,9,25,18,0
0,5,23,13,0
0,3,15,8,0
0,5,20,12,0
0,4,14,22,0
1,3,10,6,0
0,7,14,20,0
0,6,19,7,0
1,14,22,11,0
0,4,18,22,0
1,9,17,16,0
0,10,16,9,0
0,9,11,21,0
1,14,26,8,0
0,4,24,14,0
0,5,11,6,0
0,5,12,11,0
0,8,28,16,0
3,13,14,18,0
1,9,20,8,0
1,10,13,24,0
0,12,15,11,0
0,4,6,12,0
4,0,13,15,0
3,0,10,7,0
0,10,26,12,0
0,1,17,18,0
1,7,11,30,0
0,6,14,10,0
1,13,34,16,0
0,8,9,20,0
0,7,16,18,0
1,12,10,11,0
1,13,9,19,0
1,5,5,22,0
0,10,15,14,0
1,15,12,17,0
0,16,11,25,0
0,5,27,10,0
2,5,15,7,0
0,8,30,19,0
0,7,15,15,0
1,7,25,12,0
0,6,15,10,0
1,6,18,19,0
0,5,27,21,0
0,10,20,8,0
0,6,10,12,0
0,8,22,17,0
0,10,24,10,0
0,10,11,13,0
0,11,9,19,0
2,9,13,14,0
1,11,18,10,0
0,9,1,8,0
0,7,18,14,0
3,7,21,9,0
2,10,12,10,0
1,9,21,8,0
0,13,13,14,0
0,10,22,8,0
0,8,11,14,0
0,17,30,8,0
1,14,9,6,0
1,7,14,15,0
2,11,24,13,0
1,13,16,31,0
0,7,22,9,0
1,9,20,17,0
0,7,30,19,0
0,8,13,12,0
0,4,16,21,0
2,12,31,13,0
0,5,22,14,0
0,13,36,13,0
0,11,14,17,0
2,11,9,21,0
1,18,14,21,0
1,9,24,9,0
1,11,6,18,0
0,9,9,26,0
2,11,29,8,0
0,8,14,14,0
4,10,27,7,0
2,7,32,11,0
0,1,11,21,0
1,10,33,11,0
0,8,9,13,0
2,13,16,25,0
0,16,7,25,0
2,8,15,23,0
2,12,23,9,0
1,10,15,32,0
1,13,18,23,0
4,13,19,18,0
0,5,10,13,0
0,8,12,21,0
1,12,28,15,0
2,9,29,10,0
1,11,12,14,0
1,14,25,16,0
0,20,11,25,0
1,5,15,14,0
1,17,6,26,0
1,5,6,21,0
2,15,12,14,0
3,10,12,20,0
2,15,18,22,0
1,14,6,12,0
0,15,16,28,0
2,15,15,23,0
0,10,13,26,0
0,10,12,23,0
2,9,13,30,0
0,12,18,17,0
1,11,10,20,0
2,6,34,14,0
2,14,29,19,0
2,11,15,16,0
0,6,6,29,0
2,18,12,23,0
0,11,26,10,0
3,12,17,19,0
2,12,13,29,0
1,14,8,29,0
1,12,32,20,0
1,9,12,19,0
0,5,12,36,0
3,19,23,8,0
1,18,16,26,0
1,2,25,9,0
2,10,10,16,0
1,13,8,28,0
0,7,15,9,0
2,2,8,16,0
0,12,12,18,0
2,8,19,24,0
2,10,10,31,0
1,13,21,17,0
1,9,10,31,0
2,14,27,17,0
1,10,29,14,0
1,19,19,13,0
0,11,21,9,0
2,14,28,12,0
1,9,23,15,0
1,15,26,18,0
1,10,17,13,0
1,4,30,16,0
0,11,19,27,0
0,12,14,30,0
2,13,26,10,0
1,19,24,23,0
3,8,19,12,0
0,17,23,24,0
1,7,32,12,0
1,13,14,23,0
1,4,19,21,0
1,12,9,7,0
1,12,16,13,0
2,8,20,17,0
1,5,12,10,0
1,10,18,18,0
0,13,9,14,0
0,0,0,0,0
1,12,15,15,0
0,4,10,5,0
0,8,16,19,0
2,11,15,16,0
2,9,7,15,0
0,8,18,16,0
0,8,18,15,0
0,12,19,9,0
2,9,15,11,0
0,8,9,8,0
0,7,9,11,0
0,14,18,21,0
2,5,25,15,0
2,7,11,13,0
0,6,20,18,0
0,15,12,10,0
1,6,10,7,0
0,10,10,16,0
0,5,8,15,0
1,12,10,23,0
0,8,9,11,0
0,9,23,19,0
0,9,6,12,0
1,20,14,26,0
0,11,20,17,0
0,7,17,19,0
0,6,10,18,0
1,6,15,19,0
0,5,22,14,0
0,6,14,8,0
0,7,20,17,0
2,14,12,17,0
2,14,23,4,0
0,5,9,29,0
1,15,26,18,0
1,7,16,8,0
1,12,7,15,0
1,10,14,9,0
2,13,20,20,0
0,8,16,18,0
1,4,9,13,0
3,6,21,10,0
0,16,15,12,0
0,8,19,26,0
0,8,8,15,0
0,6,16,12,0
0,11,25,17,0
0,7,19,12,0
0,2,2,7,0
0,9,10,15,0
1,6,21,20,0
0,4,16,23,0
1,8,20,12,0
2,10,11,23,0
1,6,17,23,0
3,5,13,11,0
1,14,15,25,0
0,5,7,18,0
0,9,14,11,0
1,6,18,21,0
1,20,18,18,0
0,7,12,11,0
2,13,15,18,0
3,23,14,15,0
0,9,11,16,0
0,17,21,20,0
0,17,21,10,0
0,8,9,11,0
1,23,16,25,0
1,8,17,14,0
0,3,14,24,0
2,7,10,16,0
0,10,15,27,0
2,14,12,23,0
0,5,13,12,0
1,13,12,22,0
0,9,15,23,0
0,2,10,21,0
0,13,15,24,0
0,6,4,12,0
1,8,13,19,0
1,13,14,22,0
2,8,17,18,0
1,11,11,17,0
1,12,12,21,0
1,12,18,22,0
1,13,20,10,0
0,3,12,9,0
0,3,16,12,0
4,16,16,15,0
1,9,11,28,0
1,7,13,15,0
2,13,12,19,0
1,11,18,25,0
0,6,6,14,0
0,16,20,11,0
2,4,10,5,0
1,12,21,19,0
0,11,10,11,0
0,11,23,27,0
1,10,9,15,0
2,14,23,23,0
1,19,17,17,0
0,9,14,24,0
1,5,13,20,0
1,4,18,28,0
0,7,22,12,0
0,5,16,20,0
0,6,13,27,0
3,11,19,24,0
0,15,16,22,0
0,4,9,26,0
2,20,22,17,0
0,10,13,22,0
0,7,17,22,0
2,9,22,17,0
2,14,14,24,0
0,9,24,22,0
3,2,14,10,0
0,4,14,26,0
1,18,12,19,0
2,16,20,19,0
0,8,21,9,0
2,5,22,14,0
2,16,19,10,0
0,9,18,12,0
0,1,10,10,0
2,8,12,19,0
1,7,13,19,0
2,6,24,10,0
1,8,14,16,0
1,10,10,26,0
1,12,16,18,0
0,9,14,17,0
0,14,18,20,0
0,8,12,18,0
2,8,22,16,0
0,7,14,25,0
0,8,27,31,0
0,7,20,9,0
1,9,13,27,0
0,7,19,30,0
0,10,16,22,0
1,14,15,23,0
1,15,21,25,0
0,7,15,16,0
1,15,29,23,0
0,9,15,25,0
0,5,15,11,0
0,10,22,13,0
1,6,18,14,0
0,7,12,7,0
0,6,19,17,0
0,4,18,20,0
0,5,7,6,0
0,4,21,19,0
0,4,21,10,0
2,16,9,17,0
0,2,21,20,0
0,6,16,18,0
0,12,18,15,0
1,8,21,13,0
1,12,7,19,0
0,4,14,25,0
0,6,12,7,0
1,7,11,10,0
0,6,22,19,0
0,10,15,15,0
1,12,6,14,0
1,11,10,17,0
0,13,12,16,0
0,6,6,11,0
0,2,17,18,0
1,6,8,10,0
0,6,22,14,0
0,1,16,18,0
1,10,24,11,0
3,1,16,14,0
0,10,17,29,0
0,8,18,11,0
1,6,16,17,0
2,10,13,13,0
1,13,11,19,0
0,7,22,6,0
0,8,8,15,0
0,18,14,9,0
0,10,17,15,0
0,6,7,21,0
2,7,12,16,0
0,5,30,23,0
0,3,15,17,0
0,9,25,15,0
0,3,17,14,0
0,7,13,18,0
0,5,22,18,0
1,9,13,8,0
0,10,10,15,0
0,5,26,19,0
0,8,15,23,0
0,5,14,13,0
1,8,15,11,0
1,5,16,20,0
0,10,5,14,0
0,6,1,8,0
0,5,20,17,0
1,14,16,8,0
2,15,13,8,0
1,12,11,21,0
0,7,13,19,0
1,10,13,24,0
0,8,13,14,0
1,13,27,11,0
1,8,12,14,0
2,3,17,17,0
2,15,17,10,0
0,9,27,18,0
0,5,20,12,0
0,10,20,17,0
0,9,19,27,0
0,6,15,17,0
0,8,17,23,0
1,9,29,14,0
1,2,16,16,0
1,8,19,39,0
0,8,13,18,0
1,21,13,12,0
1,8,3,8,0
1,4,13,5,0
0,8,11,12,0
2,1,13,22,0
0,0,0,0,0
0,7,14,19,0
0,18,13,6,0
0,12,15,31,0
0,20,11,16,0
1,9,24,19,0
0,8,11,10,0
0,11,12,13,0
0,23,19,9,0
0,5,28,19,0
0,1,7,5,0
0,3,13,10,0
1,12,18,16,0
1,9,21,23,0
0,13,18,14,0
1,12,26,20,0
1,9,8,14,0
0,1,10,4,0
2,7,13,3,0
0,2,7,4,0
1,16,20,15,0
4,3,15,11,0
2,10,17,23,0
3,9,18,12,0
1,13,20,29,0
0,6,13,10,0
0,6,16,21,0
0,6,22,19,0
1,10,15,18,0
0,1,19,8,0
0,14,18,19,0
0,8,26,20,0
0,20,25,17,0
2,18,3,17,0
0,2,9,16,0
0,17,13,16,0
0,11,18,12,0
1,11,18,8,0
0,10,13,9,0
2,10,20,14,0
1,11,20,25,0
0,7,23,16,0
0,3,9,12,0
3,7,14,16,0
0,10,11,20,0
0,10,19,14,0
1,9,19,22,0
1,9,23,16,0
1,14,16,31,0
1,4,16,7,0
1,11,18,16,0
0,4,20,10,0
1,4,14,19,0
0,9,16,11,0
0,10,12,23,0
0,10,25,10,0
0,9,12,17,0
1,20,14,30,0
0,9,17,20,0
2,11,7,12,0
0,7,17,30,0
1,18,17,26,0
1,10,23,14,0
0,10,18,21,0
0,15,14,19,0
1,8,10,12,0
0,6,8,12,0
0,16,27,17,0
1,12,17,21,0
0,15,23,14,0
0,18,19,20,0
1,7,18,17,0
1,4,11,8,0
1,10,16,18,0
2,11,26,8,0
0,2,12,16,0
1,11,17,22,0
0,8,10,20,0
1,10,25,35,0
1,18,21,15,0
2,13,14,19,0
0,10,16,21,0
2,11,19,17,0
2,16,15,26,0
2,6,24,18,0
1,3,8,5,0
0,5,11,15,0
1,18,22,22,0
1,10,31,25,0
2,11,13,16,0
0,13,18,27,0
1,15,7,17,0
0,5,9,5,0
3,5,8,14,0
0,5,9,4,0
4,21,21,13,0
4,4,10,20,0
2,12,25,27,0
0,10,12,15,0
1,27,15,30,0
1,6,20,21,0
1,5,20,24,0
0,8,21,20,0
2,10,21,20,0
0,4,18,8,0
0,12,18,18,0
0,7,32,29,0
1,21,19,27,0
1,22,3,23,0
1,4,7,27,0
1,21,22,20,0
5,8,14,18,0
1,13,17,12,0
1,10,11,10,0
1,15,24,15,0
2,11,29,19,0
1,8,23,18,0
0,8,6,20,0
0,13,17,20,0
0,9,27,23,0
2,12,20,14,0
2,9,22,14,0
1,13,27,19,0
1,18,30,16,0
0,4,10,16,0
0,10,18,15,0
0,6,23,21,0
0,11,17,21,0
3,8,13,18,0
0,12,16,27,0
2,5,22,30,0
0,7,12,21,0
4,20,19,31,0
3,4,20,15,0
2,12,10,21,0
1,10,28,30,0
3,16,33,26,0
2,9,22,14,0
2,15,16,22,0
0,18,22,20,0
4,9,9,17,0
0,10,14,19,0
3,20,15,29,0
3,11,10,21,0
0,23,16,28,0
1,20,18,22,0
1,6,12,14,0
1,17,11,14,0
1,16,13,17,0
0,2,9,9,0
2,18,18,14,0
1,7,1,12,0
1,8,14,18,0
0,7,20,20,0
1,7,20,16,0
1,9,18,22,0
2,15,16,11,0
2,9,19,10,0
0,10,32,10,0
0,3,13,14,0
0,3,15,17,0
0,17,12,18,0
1,6,24,14,0
0,5,13,8,0
0,4,20,15,0
1,11,20,18,0
0,8,8,12,0
3,15,13,15,0
0,11,17,8,0
0,12,20,11,0
1,15,10,13,0
3,3,25,21,0
0,8,7,12,0
1,16,15,25,0
2,15,14,21,0
1,5,18,17,0
1,5,12,18,0
0,6,17,22,0
0,8,26,12,0
2,5,16,15,0
1,5,12,24,0
2,10,20,25,0
0,11,12,22,0
0,2,11,28,0
1,17,20,16,0
2,10,15,13,0
1,9,21,14,0
0,11,20,14,0
1,16,16,16,0
1,9,20,14,0
1,3,10,11,0
0,5,16,26,0
0,22,12,17,0
2,13,23,20,0
0,7,9,16,0
2,4,12,13,0
2,13,12,14,0
0,5,12,10,0
0,1,11,12,0
1,8,13,12,0
0,11,11,17,0
0,5,16,22,0
1,9,11,13,0
1,5,25,18,0
1,12,19,20,0
0,6,20,13,0
1,11,15,20,0
2,3,14,14,0
3,10,17,22,0
0,7,13,19,0
0,15,23,18,0
0,5,9,26,0
0,10,20,15,0
0,8,24,18,0
2,7,17,17,0
0,16,13,18,0
1,9,29,18,0
0,4,17,11,0
0,16,17,31,0
1,9,11,17,0
1,8,7,12,0
1,7,16,13,0
0,2,6,9,0
2,2,19,14,0
0,12,4,8,0
2,7,16,12,0
0,5,7,15,0
1,3,19,18,0
0,8,12,17,0
3,1,18,16,0
0,7,12,10,0
1,10,20,14,0
0,3,14,7,0
0,3,15,18,0
0,5,10,15,0
0,4,11,16,0
0,8,8,10,0
0,8,13,12,0
0,8,20,16,0
0,8,13,10,0
0,11,12,15,0
0,6,13,9,0
1,7,7,10,0
1,9,13,15,0
1,10,11,10,0
0,7,14,9,0
2,4,16,14,0
0,3,17,13,0
0,4,10,13,0
4,2,17,13,0
3,5,14,11,0
1,12,20,13,0
1,8,11,14,0
1,7,9,12,0
2,10,12,12,0
0,5,10,6,0
0,6,10,13,0
0,9,16,13,0
2,4,14,20,0
1,16,9,17,0
1,10,13,10,0
0,3,12,18,0
1,4,19,17,0
2,6,10,8,0
1,6,12,17,0
0,8,16,16,0
0,7,15,15,0
0,2,2,9,0
0,3,9,15,0
3,3,15,9,0
0,4,5,8,0
1,3,5,14,0
0,9,14,12,0
1,6,10,17,0
0,4,10,20,0
3,9,7,14,0
0,5,6,16,0
1,11,18,12,0
0,6,15,17,0
0,8,10,14,0
0,7,8,15,0
0,14,12,12,0
0,7,11,10,0
1,7,13,17,0
2,4,20,17,0
0,8,12,9,0
3,7,9,17,0
3,6,13,15,0
0,3,17,16,0
4,7,19,11,0
2,8,8,12,0
0,8,24,12,0
1,5,8,15,0
1,11,13,18,0
0,4,9,9,0
1,11,15,18,0
0,8,5,14,0
1,10,14,23,0
0,10,15,18,0
0,9,14,14,0
0,11,16,17,0
1,15,10,16,0
0,11,12,23,0
0,10,24,8,0
0,2,4,13,0
1,3,13,12,0
1,13,15,23,0
1,4,18,22,0
0,8,15,8,0
0,8,22,12,0
1,12,13,13,0
0,7,15,5,0
0,13,11,11,0
0,4,9,13,0
0,13,10,25,0
1,6,15,12,0
1,11,24,14,0
0,8,12,10,0
0,16,26,16,0
1,16,10,19,0
0,8,13,18,0
1,4,18,16,0
1,5,16,18,0
0,7,23,8,0
0,5,15,15,0
1,7,21,17,0
2,14,11,18,0
3,11,9,23,0
0,2,12,23,0
0,16,16,22,0
0,7,9,15,0
1,11,8,22,0
0,10,16,11,0
2,16,13,11,0
0,9,20,13,0
0,6,15,11,0
0,5,25,9,0
0,15,17,12,0
0,12,26,19,0
1,8,14,10,0
0,7,10,15,0
0,14,14,17,0
0,10,10,13,0
0,3,5,8,0
1,5,18,13,0
1,6,21,26,0
0,4,16,23,0
0,10,19,12,0
0,8,16,24,0
1,11,23,16,0
0,8,11,17,0
0,16,24,16,0
0,6,11,13,0
0,11,15,11,0
0,8,20,15,0
2,15,22,15,0
0,7,19,8,0
1,11,17,16,0
0,12,23,18,0
0,10,15,14,0
1,18,12,12,0
2,10,31,16,0
0,5,19,13,0
1,16,14,35,0
0,8,21,15,0
0,3,5,3,0
2,13,19,18,0
2,3,7,28,0
1,7,38,22,0
1,8,17,17,0
0,13,13,24,0
1,6,26,19,0
1,15,20,14,0
0,6,26,8,0
0,16,10,29,0
1,4,13,10,0
0,8,19,16,0
3,12,18,10,0
0,7,23,18,0
0,6,24,8,0
2,5,23,13,0
3,13,15,23,0
0,10,7,12,0
2,9,13,17,0
1,8,17,11,0
2,8,25,3,0
3,11,11,16,0
1,6,18,34,0
0,10,17,11,0
1,18,27,10,0
1,12,22,12,0
1,4,16,11,0
1,7,25,16,0
0,7,25,19,0
1,8,26,13,0
0,10,21,14,0
2,5,22,31,0
3,12,17,28,0
0,5,23,6,0
0,0,0,0,0
1,12,28,16,0
2,10,21,13,0
3,9,12,27,0
2,13,18,13,0
0,16,13,15,0
4,7,12,33,0
0,4,8,28,0
2,9,18,20,0
1,15,21,14,0
0,7,28,19,0
0,6,11,6,0
0,6,10,21,0
2,11,12,19,0
0,6,16,5,0
0,5,13,13,0
2,7,23,13,0
0,6,28,16,0
1,4,23,21,0
1,7,10,25,0
0,10,16,18,0
2,10,19,31,0
2,6,16,18,0
0,12,35,13,0
1,7,18,21,0
1,17,14,20,0
1,6,14,36,0
1,17,11,28,0
1,9,29,15,0
1,11,22,10,0
2,10,11,25,0
1,11,18,15,0
1,10,18,21,0
5,10,13,32,0
0,8,22,11,0
1,16,34,8,0
0,6,19,20,0
0,3,15,11,0
0,2,18,7,0
1,7,4,12,0
0,3,17,11,0
0,3,8,10,0
0,2,10,6,0
0,3,10,10,0
0,12,2,16,0
0,2,14,5,0
0,0,0,0,0
0,2,4,3,0
0,4,18,10,0
1,2,9,11,0
0,5,11,8,0
1,3,9,19,0
0,5,4,9,0
0,1,2,3,0
0,2,10,10,0
0,0,0,0,0
0,3,19,11,0
0,0,0,0,0
0,2,23,12,0
0,1,12,12,0
1,4,9,17,0
0,3,8,9,0
0,6,12,7,0
0,4,7,9,0
1,7,9,6,0
0,0,0,0,0
0,2,5,11,0
0,6,7,6,0
0,7,10,7,0
1,2,10,20,0
0,4,3,6,0
0,4,17,10,0
0,0,0,0,0
0,5,16,5,0
0,1,10,11,0
0,1,10,13,0
0,1,14,12,0
0,4,12,5,0
0,1,6,6,0
0,2,16,12,0
0,3,19,11,0
0,5,9,6,0
0,5,8,8,0
0,3,9,11,0
0,6,14,7,0
0,2,2,4,0
0,2,12,11,0
0,4,7,3,0
0,4,8,7,0
0,4,6,13,0
0,5,4,9,0
1,5,5,18,0
0,4,6,7,0
0,8,6,16,0
0,3,6,8,0
0,2,8,10,0
0,8,6,4,0
0,5,15,9,0
0,3,15,6,0
1,4,9,10,0
0,5,13,9,0
0,2,9,13,0
0,2,7,10,0
1,6,21,7,0
0,0,0,0,0
1,4,14,9,0
0,4,11,10,0
0,9,24,4,0
2,12,31,14,0
1,15,16,15,0
1,11,24,12,0
0,13,17,16,0
2,20,12,19,0
1,10,25,13,0
0,11,34,11,0
1,5,12,6,0
0,6,20,10,0
1,21,8,14,0
0,6,20,26,0
0,7,21,10,0
0,8,13,26,0
2,12,20,27,0
0,5,17,6,0
2,15,14,15,0
1,8,9,10,0
1,17,17,8,0
2,8,21,16,0
1,7,23,34,0
4,7,17,10,0
1,19,14,23,0
0,15,23,15,0
0,6,20,19,0
1,7,25,19,0
2,6,20,25,0
0,8,27,8,0
1,12,14,18,0
1,5,26,24,0
0,19,24,19,0
1,14,20,7,0
0,6,10,22,0
1,19,13,22,0
0,10,18,20,0
0,6,35,16,0
1,12,17,22,0
0,27,8,9,0
0,7,34,19,0
0,5,21,14,0
0,7,20,19,0
1,18,18,23,0
1,11,27,22,0
2,7,7,14,0
0,6,12,20,0
1,11,16,19,0
0,7,13,17,0
0,6,9,9,0
0,10,19,13,0
0,6,26,20,0
0,5,23,23,0
1,5,27,10,0
1,13,18,12,0
0,16,16,29,0
1,9,19,13,0
1,15,16,29,0
0,8,21,13,0
1,10,20,24,0
1,8,27,17,0
1,16,23,16,0
1,13,7,24,0
0,12,17,18,0
0,10,26,20,0
2,9,20,19,0
2,10,17,20,0
0,16,32,16,0
2,6,23,14,0
2,21,27,8,0
0,8,18,24,0
2,12,14,21,0
1,8,25,4,0
0,8,18,26,0
0,4,9,16,0
1,13,19,6,0
1,16,10,12,0
0,9,9,18,0
0,0,0,0,0
3,4,12,21,0
0,14,19,3,0
0,4,9,22,0
1,10,18,10,0
0,12,9,16,0
1,9,24,8,0
0,3,0,7,0
1,6,2,23,0
0,2,13,2,0
2,8,9,16,0
1,6,27,6,0
0,13,7,14,0
1,14,19,7,0
0,11,11,20,0
0,6,6,9,0
1,6,6,19,0
1,7,15,22,0
0,12,16,11,0
0,5,16,4,0
0,13,9,25,0
0,10,16,24,0
0,15,20,10,0
1,5,8,11,0
0,4,4,19,0
2,8,18,9,0
0,7,9,29,0
3,12,14,18,0
0,9,9,15,0
1,11,25,3,0
1,11,14,22,0
1,10,16,13,0
0,5,7,20,0
2,7,4,25,0
3,8,6,16,0
0,6,3,18,0
0,6,11,21,0
1,5,8,24,0
0,8,17,10,0
0,8,4,26,0
0,13,5,15,0
1,4,15,14,0
0,7,11,21,0
0,10,8,13,0
0,5,6,22,0
1,15,17,13,0
1,7,30,9,0
0,15,17,14,0
1,11,7,24,0
1,10,6,24,0
1,7,18,18,0
0,10,11,19,0
2,16,19,16,0
1,9,16,7,0
1,9,11,16,0
1,10,16,5,0
0,3,6,13,0
0,14,13,15,0
1,10,25,10,0
0,11,15,7,0
0,8,11,24,0
0,12,32,16,0
1,14,32,19,0
1,15,17,21,0
1,12,30,23,0
2,16,17,16,0
0,11,30,27,0
1,2,15,7,0
1,12,21,8,0
1,12,15,31,0
1,16,19,22,0
0,19,11,21,0
1,19,17,25,0
0,20,15,23,0
0,7,9,15,0
2,9,22,12,0
0,8,16,10,0
1,10,21,21,0
0,11,25,13,0
1,13,24,26,0
1,8,17,28,0
1,16,29,32,0
0,8,21,14,0
0,11,13,24,0
1,14,30,18,0
1,18,14,19,0
0,8,24,18,0
0,17,16,28,0
2,21,16,26,0
0,21,23,28,0
0,11,15,12,0
2,6,26,11,0
0,16,18,28,0
0,9,31,17,0
1,16,21,24,0
0,10,21,17,0
1,9,33,15,0
0,16,28,30,0
1,26,6,18,0
2,11,9,24,0
1,9,19,32,0
0,14,18,20,0
1,9,9,22,0
0,16,17,20,0
0,11,16,31,0
1,15,11,20,0
1,12,5,24,0
2,10,18,22,0
1,18,14,16,0
1,16,9,27,0
4,15,18,15,0
2,11,11,30,0
1,18,24,25,0
1,12,13,31,0
2,26,20,20,0
3,16,27,11,0
0,12,18,35,0
1,20,20,23,0
1,19,29,29,0
0,18,19,24,0
2,16,25,16,0
1,12,24,24,0
1,8,17,31,0
1,10,20,22,0
4,20,24,23,0
1,12,18,29,0
0,15,34,25,0
0,13,12,34,0
1,12,24,16,0
0,6,19,18,0
0,14,15,18,0
0,13,31,18,0
0,6,33,12,0
0,3,8,3,0
0,3,20,11,0
0,20,21,15,0
0,8,27,27,0
0,12,20,7,0
0,12,26,13,0
1,9,21,19,0
0,4,4,11,0
1,7,20,16,0
0,2,8,9,0
1,21,11,21,0
1,9,12,9,0
0,14,26,21,0
1,13,16,9,0
2,15,19,37,0
0,12,22,16,0
0,7,18,20,0
1,4,24,15,0
1,4,23,29,0
0,5,21,8,0
0,9,27,20,0
0,7,30,22,0
1,15,27,21,0
1,21,8,24,0
2,2,19,10,0
2,19,16,25,0
3,5,18,19,0
0,10,9,24,0
2,9,17,13,0
1,20,17,17,0
1,8,20,31,0
0,6,25,13,0
0,1,18,23,0
2,14,14,14,0
0,12,24,19,0
2,10,20,14,0
0,8,12,26,0
1,11,24,24,0
0,12,31,18,0
0,3,14,10,0
1,10,10,21,0
2,4,15,22,0
0,5,19,22,0
1,5,20,13,0
0,13,16,22,0
1,13,13,25,0
1,8,14,16,0
1,15,38,21,0
1,6,25,15,0
1,11,16,14,0
0,5,35,21,0
1,20,32,17,0
1,10,27,8,0
1,11,18,21,0
1,12,21,25,0
0,13,13,13,0
1,12,15,16,0
1,17,37,18,0
0,12,12,21,0
0,20,15,25,0
1,13,23,25,0
0,11,13,11,0
1,11,22,24,0
2,13,25,10,0
0,14,20,18,0
0,6,3,12,0
1,13,13,13,0
0,12,22,18,0
0,11,25,21,0
1,11,13,18,0
0,12,25,18,0
1,18,15,18,0
1,8,4,13,0
0,10,12,21,0
0,7,8,14,0
2,6,24,12,0
4,8,20,13,0
0,10,23,15,0
1,14,18,15,0
3,21,13,26,0
1,9,23,15,0
2,5,18,16,0
0,14,18,20,0
0,11,19,22,0
1,10,19,11,0
1,21,20,17,0
2,11,23,21,0
0,29,27,15,0
1,8,3,24,0
2,6,8,15,0
2,11,19,26,0
1,16,14,21,0
2,14,23,17,0
0,16,15,16,0
1,13,23,22,0
0,17,22,29,0
0,8,22,11,0
0,12,15,8,0
1,6,27,19,0
1,10,19,20,0
1,6,13,17,0
3,9,22,13,0
0,14,16,17,0
0,13,24,7,0
1,8,23,9,0
0,10,23,23,0
0,10,21,8,0
2,7,23,18,0
2,6,12,24,0
1,12,13,20,0
0,11,26,21,0
1,15,20,12,0
0,21,32,11,0
0,12,21,28,0
0,15,16,22,0
1,11,29,13,0
3,21,28,14,0
1,20,20,16,0
1,15,15,11,0
1,14,9,22,0
2,10,10,18,0
1,11,14,12,0
0,19,33,18,0
1,18,20,17,0
2,16,8,31,0
1,12,20,25,0
1,8,22,19,0
0,12,17,11,0
0,14,32,17,0
1,6,11,15,0
1,6,14,14,0
0,7,16,19,0
2,12,15,9,0
0,11,13,8,0
1,15,8,11,0
0,16,15,15,0
0,4,19,6,0
1,13,13,15,0
0,8,16,11,0
1,8,12,21,0
0,8,19,18,0
1,16,11,23,0
0,8,10,11,0
2,10,20,21,0
1,9,20,13,0
0,11,13,11,0
2,9,18,15,0
0,11,17,14,0
2,12,11,22,0
1,9,11,9,0
0,7,20,24,0
3,11,18,16,0
0,10,14,8,0
0,12,12,19,0
1,12,19,19,0
1,8,14,17,0
0,12,24,13,0
0,11,17,13,0
0,8,15,21,0
0,11,20,15,0
1,3,19,16,0
1,10,26,20,0
1,12,21,18,0
1,12,14,21,0
0,5,8,13,0
0,9,10,13,0
0,7,17,20,0
1,9,5,7,0
0,2,6,15,0
1,8,13,20,0
0,10,20,26,0
1,11,22,14,0
0,12,13,20,0
0,9,7,19,0
3,12,23,16,0
0,7,18,16,0
0,19,15,10,0
0,6,14,18,0
0,11,21,20,0
0,14,12,15,0
0,12,18,22,0
0,11,15,10,0
0,16,14,14,0
0,13,21,18,0
0,6,20,24,0
1,7,21,23,0
0,11,27,18,0
2,5,15,13,0
0,19,14,30,0
2,5,10,19,0
0,15,13,22,0
2,9,13,29,0
0,4,8,12,0
0,3,22,23,0
2,19,13,14,0
0,7,16,24,0
0,8,19,12,0
0,14,15,21,0
1,16,20,18,0
1,10,11,7,0
1,14,19,13,0
0,7,7,16,0
1,8,22,15,0
1,9,19,17,0
2,9,28,19,0
0,16,13,12,0
3,13,22,18,0
2,15,11,18,0
1,6,22,18,0
0,7,22,27,0
1,8,20,22,0
1,8,23,7,0
1,8,24,19,0
0,10,21,26,0
3,17,21,20,0
1,6,10,23,0
0,7,8,22,0
1,10,26,23,0
1,8,21,16,0
3,6,29,18,0
1,11,18,19,0
1,21,17,12,0
0,13,25,17,0
1,5,16,21,0
0,8,18,13,0
0,18,15,18,0
0,16,17,23,0
1,8,6,14,0
1,6,19,14,0
0,12,14,20,0
0,9,14,8,0
1,6,14,9,0
0,12,13,15,0
1,7,22,16,0
0,7,27,20,0
2,9,21,16,0
0,10,23,11,0
3,10,29,25,0
0,11,20,16,0
2,11,28,19,0
0,12,17,18,0
1,12,23,22,0
0,9,23,23,0
0,14,21,27,0
1,15,12,20,0
1,11,18,15,0
1,12,21,18,0
1,9,20,18,0
3,8,19,14,0
0,13,20,32,0
1,6,23,20,0
1,21,25,10,0
0,10,16,25,0
0,11,18,22,0
0,0,0,0,0
0,6,11,13,0
1,20,23,12,0
1,12,32,12,0
2,15,19,12,0
1,18,17,22,0
0,13,7,27,0
0,3,11,4,0
0,9,26,8,0
0,3,5,8,0
1,20,17,21,0
0,6,21,14,0
2,16,21,23,0
0,14,7,25,0
1,25,19,13,0
1,7,24,16,0
0,14,11,28,0
1,10,14,26,0
0,18,13,20,0
1,4,18,12,0
0,12,10,25,0
3,11,24,14,0
2,20,18,23,0
1,22,15,12,0
0,6,23,7,0
2,20,14,24,0
1,11,11,28,0
3,12,15,18,0
1,10,10,21,0
0,11,19,31,0
1,11,20,30,0
0,13,17,14,0
0,6,8,17,0
5,11,25,14,0
2,16,18,22,0
1,14,10,25,0
3,14,21,12,0
1,14,15,30,0
2,17,21,16,0
1,4,18,2,0
1,10,29,19,0
1,12,15,11,0
1,15,9,22,0
1,13,16,17,0
2,12,9,29,0
3,11,16,19,0
0,8,12,26,0
2,25,21,18,0
1,13,5,21,0
2,13,21,8,0
1,14,21,17,0
2,22,22,14,0
0,16,12,13,0
2,15,12,24,0
3,14,18,24,0
1,12,9,21,0
1,8,24,9,0
2,20,21,21,0
0,13,13,25,0
0,19,23,26,0
2,17,12,26,0
1,10,9,13,0
2,8,12,21,0
1,8,12,30,0
1,9,14,29,0
1,10,19,22,0
0,12,27,16,0
0,19,16,24,0
2,7,12,11,0
3,16,11,25,0
2,7,8,27,0
0,12,14,14,0
1,11,15,31,0
0,14,22,25,0
0,8,15,23,0
0,11,18,30,0
1,12,21,11,0
1,9,25,8,0
3,10,23,21,0
1,11,18,26,0
1,12,28,24,0
2,9,14,24,0
0,12,20,30,0
0,14,26,33,0
0,4,14,17,0
0,6,14,30,0
1,11,19,27,0
1,12,32,21,0
2,14,26,22,0
0,14,15,28,0
1,8,12,32,0
1,14,26,25,0
2,9,19,23,0
1,11,14,32,0
0,18,26,15,0
0,11,29,18,0
0,3,6,15,0
0,12,21,17,0
1,12,10,26,0
0,7,10,10,0
1,4,19,9,0
4,10,21,17,0
1,8,22,24,0
0,8,15,36,0
1,11,23,17,0
0,11,27,7,0
1,21,19,24,0
2,7,15,32,0
0,12,23,23,0
0,12,16,24,0
1,14,35,15,0
1,11,27,19,0
1,16,22,24,0
1,13,19,20,0
0,11,17,22,0
1,11,22,19,0
0,12,14,32,0
1,11,24,14,0
1,9,29,27,0
1,6,27,21,0
1,18,18,21,0
0,7,15,32,0
2,6,5,10,0
0,3,3,9,0
0,7,6,11,0
0,2,4,7,0
0,2,13,4,0
1,8,8,11,0
1,7,5,6,0
0,5,7,13,0
1,6,12,6,0
0,2,8,5,0
0,5,9,12,0
0,7,5,7,0
0,2,5,9,0
0,3,15,7,0
0,8,11,8,0
0,1,5,16,0
2,6,3,10,0
1,5,7,13,0
2,11,11,12,0
1,5,7,1,0
1,3,5,14,0
0,3,9,15,0
0,0,0,0,0
0,4,10,16,0
0,4,10,16,0
0,3,8,13,0
1,5,14,10,0
0,5,10,12,0
0,7,4,11,0
0,4,7,14,0
0,2,5,7,0
0,10,2,10,0
0,6,10,14,0
0,3,14,11,0
0,0,0,0,0
0,1,11,12,0
0,3,11,12,0
0,0,0,0,0
0,1,0,5,0
0,6,7,12,0
3,1,14,12,0
0,4,16,8,0
1,5,9,11,0
0,3,4,11,0
1,4,9,14,0
1,7,6,8,0
0,2,5,8,0
1,6,12,5,0
0,3,10,15,0
0,2,11,13,0
1,8,9,8,0
1,3,4,8,0
0,6,10,4,0
0,7,8,10,0
0,2,7,15,0
1,5,10,14,0
0,6,6,10,0
0,2,5,9,0
0,10,9,17,0
0,1,3,11,0
0,4,12,19,0
0,5,12,15,0
1,7,8,10,0
2,5,12,12,0
0,13,15,18,0
0,6,15,7,0
0,7,13,18,0
0,6,10,17,0
0,5,14,10,0
2,4,18,16,0
0,8,17,10,0
2,3,17,16,0
0,5,17,17,0
1,5,20,10,0
0,1,9,16,0
1,9,17,12,0
1,8,12,13,0
1,7,17,22,0
1,5,14,18,0
0,14,11,11,0
0,10,20,17,0
0,1,12,6,0
0,9,8,11,0
2,5,17,14,0
2,3,13,18,0
0,12,15,19,0
0,6,19,17,0
0,8,14,17,0
1,6,18,23,0
1,10,9,6,0
0,12,14,8,0
0,5,15,23,0
0,6,16,17,0
0,1,5,8,0
1,5,9,13,0
5,0,16,16,0
0,2,6,7,0
0,7,10,4,0
0,6,16,15,0
2,10,19,9,0
1,8,14,13,0
1,7,19,9,0
1,6,5,15,0
1,10,21,15,0
1,9,12,15,0
0,10,17,10,0
3,10,13,15,0
0,6,21,22,0
0,9,18,10,0
3,3,17,16,0
0,10,16,13,0
0,5,14,14,0
1,5,21,12,0
0,6,18,12,0
0,8,12,13,0
1,9,11,20,0
1,6,14,15,0
2,5,29,13,0
0,3,14,18,0
0,13,27,18,0
0,12,20,13,0
2,13,18,21,0
0,13,17,22,0
1,6,3,11,0
4,11,20,9,0
0,8,3,7,0
3,20,20,13,0
0,9,14,11,0
0,12,29,27,0
0,18,13,9,0
2,20,31,21,0
1,12,23,21,0
0,12,20,15,0
0,6,25,21,0
0,11,22,22,0
0,4,21,9,0
0,12,16,21,0
1,8,29,28,0
0,16,23,27,0
0,20,23,10,0
0,2,27,11,0
2,24,15,21,0
2,7,17,23,0
1,9,13,27,0
0,9,19,19,0
0,25,15,21,0
0,13,25,22,0
3,7,22,12,0
0,10,10,19,0
0,20,14,17,0
0,17,20,23,0
0,13,20,12,0
0,10,22,18,0
2,14,20,27,0
1,19,15,17,0
0,6,10,7,0
1,13,15,17,0
0,6,25,18,0
0,9,16,23,0
0,10,20,12,0
1,13,30,15,0
1,11,26,17,0
2,7,13,17,0
0,20,33,21,0
1,9,15,19,0
3,9,19,16,0
0,8,24,34,0
2,16,31,26,0
0,14,18,9,0
1,13,19,23,0
0,13,27,28,0
1,14,9,15,0
2,13,21,17,0
1,19,19,31,0
0,9,20,21,0
2,25,28,14,0
2,15,24,20,0
1,12,18,10,0
1,19,20,15,0
0,12,20,15,0
0,4,15,7,0
0,6,17,17,0
2,2,9,11,0
2,8,34,18,0
3,2,16,17,0
1,9,16,31,0
0,7,16,16,0
0,14,40,26,0
0,8,13,27,0
0,10,18,19,0
0,13,15,13,0
1,11,14,20,0
1,9,19,6,0
2,10,22,21,0
1,18,15,11,0
1,21,26,17,0
1,9,35,10,0
1,7,9,15,0
1,10,35,22,0
1,9,16,17,0
2,6,28,15,0
1,6,20,14,0
0,9,22,28,0
0,12,28,26,0
2,8,20,12,0
0,7,10,15,0
0,11,21,16,0
0,9,15,30,0
1,8,22,18,0
0,18,17,11,0
2,9,19,24,0
0,19,23,12,0
0,7,6,19,0
0,14,19,13,0
0,6,27,13,0
1,13,12,12,0
0,7,25,11,0
0,11,16,26,0
2,10,25,10,0
0,10,14,15,0
0,21,32,14,0
2,13,10,17,0
1,7,21,19,0
2,14,24,13,0
0,21,19,32,0
1,10,16,22,0
0,14,19,17,0
1,9,31,19,0
1,6,17,17,0
0,7,17,20,0
2,24,11,30,0
0,9,21,23,0
0,15,38,13,0
0,19,19,19,0
3,14,13,15,0
1,10,11,17,0
1,4,5,6,0
1,6,6,17,0
0,3,2,7,0
1,13,12,15,0
0,5,20,10,0
0,13,17,13,0
0,13,10,13,0
1,14,18,18,0
0,6,8,14,0
1,5,22,14,0
1,13,13,14,0
1,11,16,17,0
0,10,12,10,0
1,14,12,13,0
0,15,16,17,0
1,16,16,16,0
0,10,8,15,0
1,6,16,4,0
0,12,19,13,0
0,11,10,20,0
0,10,22,17,0
0,9,16,12,0
1,7,24,9,0
1,9,20,23,0
1,12,17,12,0
1,3,9,17,0
1,8,11,19,0
0,9,17,16,0
0,5,10,20,0
0,13,16,18,0
2,7,21,11,0
1,12,13,9,0
0,7,17,2,0
1,9,15,18,0
3,4,13,19,0
2,11,17,8,0
3,5,16,16,0
3,6,11,23,0
1,12,13,20,0
0,10,11,22,0
3,20,9,17,0
2,13,8,16,0
0,9,9,21,0
1,14,14,23,0
0,17,22,16,0
1,9,19,19,0
0,11,12,18,0
2,9,16,19,0
1,6,10,20,0
0,10,8,12,0
4,15,14,20,0
1,13,17,14,0
0,11,21,17,0
1,10,14,22,0
2,12,21,15,0
1,3,6,15,0
0,8,12,21,0
1,3,6,7,0
0,12,21,20,0
0,5,14,18,0
0,13,26,22,0
0,14,11,17,0
4,12,25,30,0
0,7,20,18,0
0,13,13,20,0
0,14,15,20,0
1,15,15,20,0
1,7,20,7,0
0,12,21,24,0
0,16,20,17,0
1,18,28,23,0
1,12,19,12,0
0,6,9,17,0
1,14,20,22,0
0,10,18,27,0
0,11,17,23,0
1,9,21,15,0
1,6,19,30,0
3,13,25,24,0
0,13,18,12,0
0,7,13,8,0
0,13,21,15,0
2,13,19,15,0
0,10,13,22,0
1,14,20,21,0
0,10,28,16,0
1,21,12,11,0
1,8,5,13,0
0,13,17,19,0
1,7,22,11,0
0,15,10,17,0
0,14,14,17,0
0,15,8,25,0
2,18,11,18,0
0,10,13,22,0
3,22,14,21,0
1,13,22,12,0
0,11,13,24,0
0,19,16,20,0
1,18,23,28,0
1,13,16,20,0
0,14,14,24,0
1,9,25,23,0
2,7,20,13,0
2,7,13,19,0
2,27,23,13,0
0,10,23,23,0
0,13,34,20,0
0,17,21,19,0
1,10,7,11,0
0,16,13,16,0
1,11,6,17,0
0,13,20,4,0
0,12,13,21,0
0,13,29,20,0
0,14,14,14,0
1,17,18,26,0
1,12,23,17,0
1,5,19,19,0
0,13,20,19,0
2,12,19,18,0
1,17,13,18,0
1,16,13,16,0
1,10,23,17,0
1,18,27,21,0
1,5,29,5,0
1,10,8,18,0
0,18,18,24,0
0,20,8,17,0
0,16,24,22,0
2,13,20,19,0
0,16,15,21,0
0,18,22,18,0
1,6,10,19,0
2,11,21,12,0
0,17,25,23,0
0,11,22,28,0
0,6,12,6,0
0,11,15,10,0
0,12,16,21,0
1,9,4,13,0
2,8,4,15,0
0,9,21,22,0
1,10,20,14,0
0,16,13,21,0
0,12,21,13,0
0,15,11,16,0
2,14,21,28,0
0,17,10,17,0
0,14,27,12,0
1,14,19,14,0
0,18,18,22,0
2,13,16,21,0
2,19,15,19,0
0,15,21,15,0
2,16,9,14,0
3,14,13,18,0
0,14,17,24,0
1,17,15,12,0
2,18,29,14,0
0,11,18,19,0
2,18,9,30,0
1,11,17,16,0
0,10,6,13,0
0,6,5,14,0
0,5,7,1,0
0,11,5,12,0
1,7,13,11,0
1,5,6,13,0
1,5,11,3,0
1,11,10,9,0
0,6,1,11,0
0,5,9,17,0
0,5,9,16,0
1,12,13,8,0
1,5,6,12,0
0,7,11,7,0
2,7,5,14,0
0,1,5,2,0
1,4,4,14,0
0,5,5,17,0
0,5,7,16,0
1,7,15,14,0
1,7,11,13,0
0,10,4,12,0
0,9,12,8,0
0,4,8,4,0
2,4,5,16,0
2,7,14,10,0
0,9,6,14,0
0,2,3,3,0
0,3,13,9,0
1,6,7,12,0
0,1,2,3,0
0,2,5,9,0
0,5,16,9,0
1,6,9,8,0
0,4,8,18,0
1,9,8,11,0
0,5,4,17,0
0,6,12,17,0
1,8,12,8,0
0,6,4,9,0
1,8,3,12,0
1,12,10,2,0
0,4,11,9,0
1,10,10,11,0
1,5,7,13,0
1,6,2,9,0
0,11,9,8,0
0,7,8,14,0
0,9,8,12,0
1,9,10,11,0
0,5,8,10,0
0,15,12,5,0
0,5,2,11,0
3,9,16,5,0
0,9,6,21,0
3,8,15,17,0
0,11,12,26,0
0,11,8,10,0
0,12,26,14,0
2,15,19,9,0
0,11,16,10,0
0,3,19,18,0
0,6,20,21,0
1,11,22,13,0
2,7,13,16,0
0,4,16,20,0
0,17,24,17,0
0,11,2,18,0
0,4,17,13,0
0,16,13,18,0
1,12,19,14,0
0,12,27,15,0
3,10,19,16,0
0,15,12,15,0
1,11,23,15,0
0,4,15,7,0
1,8,19,15,0
1,20,19,13,0
2,12,17,26,0
1,3,12,10,0
0,7,15,9,0
2,10,14,11,0
1,6,12,6,0
0,6,11,7,0
1,8,15,19,0
2,5,10,20,0
0,3,19,23,0
0,6,25,10,0
0,9,12,15,0
4,9,27,18,0
1,7,10,17,0
2,6,26,8,0
1,7,13,14,0
1,16,17,15,0
0,5,18,12,0
1,12,12,22,0
1,7,9,24,0
0,6,19,16,0
0,9,23,13,0
1,11,14,17,0
1,12,16,14,0
0,11,30,14,0
1,8,18,12,0
0,15,10,31,0
0,6,18,17,0
2,2,11,0,0
2,4,21,8,0
0,4,13,8,0
1,3,12,4,0
0,10,5,11,0
1,5,4,20,0
1,2,7,8,0
2,3,11,14,0
2,4,12,10,0
0,8,24,8,0
0,7,12,6,0
0,2,16,15,0
2,9,15,7,0
0,3,10,1,0
2,5,8,11,0
0,9,11,10,0
3,8,12,7,0
0,5,13,17,0
0,8,9,17,0
2,5,13,5,0
1,5,19,9,0
0,3,10,4,0
0,7,16,13,0
0,11,6,18,0
0,4,16,11,0
0,3,3,5,0
0,1,14,8,0
1,4,7,15,0
0,0,0,0,0
0,2,9,5,0
2,7,10,6,0
0,6,19,9,0
0,4,13,16,0
0,8,12,5,0
0,4,9,10,0
2,8,15,9,0
0,6,7,14,0
0,5,12,5,0
2,2,14,11,0
1,9,20,9,0
1,5,16,8,0
0,10,15,7,0
3,3,17,6,0
2,6,10,8,0
0,8,14,8,0
3,6,7,12,0
0,10,9,14,0
0,5,18,7,0
2,2,12,6,0
2,7,24,8,0
0,1,10,9,0
1,6,6,18,0
1,15,20,26,0
0,12,6,15,0
1,21,22,21,0
0,10,26,15,0
1,9,23,14,0
0,9,12,18,0
0,12,18,19,0
0,6,7,12,0
1,7,8,23,0
2,7,19,27,0
2,19,12,18,0
4,23,15,19,0
0,7,26,3,0
1,22,20,15,0
0,12,7,19,0
1,11,10,16,0
1,8,8,20,0
0,19,9,22,0
2,6,16,24,0
1,8,20,15,0
0,4,5,28,0
1,15,19,11,0
2,13,17,22,0
1,19,21,8,0
0,9,19,20,0
3,12,15,28,0
0,14,31,27,0
0,2,14,5,0
1,13,12,14,0
2,10,13,20,0
2,6,12,21,0
0,8,15,19,0
0,13,11,29,0
0,11,18,20,0
0,7,19,8,0
1,24,23,21,0
0,4,11,23,0
1,13,17,5,0
0,11,21,24,0
1,23,26,23,0
2,9,15,13,0
1,14,12,25,0
1,20,25,16,0
1,11,8,20,0
2,10,6,25,0
2,22,16,19,0
0,13,11,15,0
1,21,14,22,0
1,15,15,31,0
0,8,12,27,0
2,7,19,11,0
4,6,12,17,0
0,9,18,13,0
0,4,7,15,0
1,6,25,17,0
0,9,19,13,0
1,10,12,25,0
1,10,18,13,0
2,4,17,23,0
2,11,26,16,0
2,3,6,12,0
0,2,13,17,0
2,13,9,13,0
1,12,17,21,0
2,10,26,15,0
2,12,19,14,0
2,9,14,14,0
1,9,28,15,0
0,4,12,21,0
0,6,20,16,0
1,14,13,13,0
0,10,16,20,0
0,2,7,9,0
1,3,21,13,0
2,8,12,15,0
0,2,11,7,0
0,2,15,14,0
0,10,20,12,0
2,9,8,18,0
0,5,18,19,0
2,10,8,18,0
1,7,8,15,0
0,14,24,13,0
2,9,17,16,0
2,9,24,8,0
1,6,21,18,0
2,15,17,15,0
0,4,31,14,0
1,12,11,21,0
2,7,27,15,0
1,7,17,11,0
0,10,9,20,0
0,10,13,14,0
0,14,9,8,0
3,10,11,25,0
0,8,21,13,0
1,9,10,27,0
0,4,18,17,0
0,13,15,12,0
1,17,25,28,0
0,11,22,20,0
4,9,12,24,0
5,8,17,22,0
0,12,25,15,0
0,13,19,15,0
0,11,12,20,0
1,7,31,19,0
0,21,20,23,0
2,15,13,30,0
1,7,30,6,0
1,11,31,29,0
0,7,18,31,0
4,14,13,17,0
1,12,25,15,0
0,12,22,31,0
0,16,24,18,0
1,10,20,13,0
0,8,8,29,0
1,15,20,26,0
0,17,19,24,0
0,9,13,23,0
1,9,17,24,0
1,9,31,21,0
0,9,31,21,0
0,5,5,14,0
0,13,15,20,0
2,6,21,25,0
1,7,33,16,0
1,11,19,24,0
1,9,15,31,0
1,14,24,23,0
0,7,30,17,0
1,21,24,18,0
1,10,12,23,0
1,11,13,29,0
2,10,24,19,0
0,17,25,28,0
1,7,23,21,0
1,14,16,24,0
0,19,22,23,0
2,8,17,31,0
1,8,25,17,0
3,17,21,30,0
1,9,18,19,0
2,14,26,37,0
1,11,21,29,0
0,13,23,13,0
2,7,9,15,0
0,5,15,15,0
0,10,21,17,0
1,9,20,14,0
0,7,18,11,0
0,14,14,15,0
1,8,18,24,0
3,10,28,19,0
1,6,4,20,0
2,3,12,9,0
3,12,18,12,0
0,11,18,15,0
0,8,27,18,0
3,10,11,11,0
2,11,18,17,0
0,13,16,23,0
0,5,20,13,0
0,6,12,11,0
2,10,8,14,0
2,9,13,13,0
0,5,12,12,0
0,8,18,15,0
2,8,15,18,0
0,10,18,8,0
0,5,8,18,0
0,16,14,10,0
2,6,3,20,0
0,5,15,20,0
0,10,16,8,0
0,8,11,19,0
2,9,22,13,0
0,13,13,18,0
0,18,25,7,0
0,13,14,18,0
0,14,10,15,0
0,8,26,15,0
1,16,11,24,0
0,13,22,16,0
0,9,17,15,0
1,11,20,11,0
0,8,11,15,0
2,9,9,7,0
2,15,25,11,0
2,12,15,18,0
0,13,26,10,0
1,9,16,23,0
0,13,25,23,0
0,10,19,31,0
3,6,24,29,0
1,14,25,19,0
3,2,24,9,0
2,19,17,25,0
0,14,25,40,0
1,32,21,25,0
0,24,11,21,0
1,9,30,7,0
0,31,23,19,0
3,18,21,9,0
4,9,26,19,0
3,12,20,13,0
1,23,13,29,0
0,15,34,31,0
0,7,26,20,0
0,9,26,13,0
2,16,29,17,0
1,14,26,25,0
3,19,29,7,0
0,17,18,20,0
1,20,15,32,0
0,22,21,25,0
1,6,19,9,0
3,9,23,27,0
1,8,25,22,0
1,9,33,19,0
0,14,20,12,0
0,24,7,32,0
0,15,26,23,0
5,5,13,22,0
2,30,27,27,0
1,13,28,16,0
1,15,23,13,0
0,17,29,32,0
0,32,23,29,0
1,21,13,12,0
2,22,32,13,0
3,21,20,30,0
2,17,19,8,0
0,16,30,19,0
4,28,24,20,0
0,20,14,21,0
2,24,29,27,0
3,20,38,16,0
3,5,16,18,0
0,7,12,22,0
0,4,19,27,0
1,10,9,17,0
1,4,15,26,0
0,5,14,28,0
0,13,18,24,0
1,8,26,14,0
0,5,8,27,0
1,13,23,27,0
0,8,12,20,0
1,9,18,19,0
2,11,17,15,0
1,17,21,13,0
1,9,22,19,0
0,5,10,15,0
0,4,12,30,0
0,17,15,21,0
2,13,24,22,0
0,7,9,14,0
2,5,12,14,0
4,11,22,12,0
0,5,10,15,0
1,3,14,5,0
0,8,12,16,0
3,5,14,18,0
1,4,26,14,0
0,7,14,18,0
1,9,13,24,0
0,11,18,24,0
0,13,16,11,0
0,11,22,17,0
1,7,20,10,0
0,14,20,14,0
0,6,12,20,0
0,14,21,23,0
0,10,15,10,0
1,8,21,14,0
0,10,16,24,0
0,10,16,21,0
2,17,17,11,0
1,11,23,27,0
1,4,16,18,0
2,15,29,18,0
0,7,24,16,0
2,2,20,17,0
1,10,21,14,0
0,4,5,22,0
0,4,16,17,0
2,5,19,23,0
1,7,21,27,0
1,8,19,12,0
0,2,13,20,0
1,7,21,26,0
0,3,19,21,0
2,10,5,23,0
2,3,16,17,0
0,9,18,18,0
0,16,14,10,0
2,6,11,17,0
0,3,11,13,0
0,10,19,16,0
0,9,27,17,0
1,8,15,11,0
0,7,22,17,0
3,5,19,17,0
0,11,14,11,0
1,2,4,9,0
1,10,13,17,0
0,5,20,12,0
1,6,15,18,0
1,6,24,13,0
0,5,16,23,0
2,10,19,10,0
0,3,19,14,0
3,12,12,27,0
0,5,13,16,0
2,8,14,14,0
0,6,28,19,0
0,9,32,19,0
0,7,21,9,0
0,9,19,18,0
1,6,28,20,0
0,4,19,17,0
0,2,21,22,0
2,11,15,28,0
1,5,20,16,0
0,8,36,20,0
0,8,17,19,0
2,15,12,15,0
2,7,24,13,0
1,11,20,16,0
2,16,15,16,0
0,16,19,22,0
0,6,20,7,0
0,8,11,17,0
0,8,23,23,0
2,6,24,18,0
0,10,29,22,0
3,7,15,19,0
0,6,20,25,0
0,9,25,25,0
0,13,17,14,0
2,5,11,16,0
1,10,19,19,0
0,10,11,22,0
0,4,9,14,0
1,11,16,14,0
0,6,18,25,0
1,7,13,14,0
2,7,3,17,0
0,10,20,19,0
2,8,23,9,0
0,16,10,16,0
1,9,22,14,0
0,9,11,19,0
1,16,12,23,0
1,12,14,21,0
2,18,23,10,0
2,9,17,24,0
2,9,15,24,0
1,17,11,21,0
0,15,27,18,0
0,6,26,25,0
0,10,19,17,0
1,7,18,28,0
0,6,19,26,0
0,6,18,16,0
3,13,17,29,0
1,7,19,23,0
2,5,37,21,0
0,7,15,24,0
0,10,20,11,0
0,11,13,22,0
1,16,17,13,0
0,14,22,21,0
0,9,8,23,0
1,10,9,17,0
1,10,29,27,0
2,7,17,22,0
0,15,20,23,0
0,12,14,11,0
2,8,25,16,0
1,14,18,18,0
0,14,11,11,0
0,16,11,6,0
2,9,25,24,0
0,10,27,17,0
1,6,10,20,0
0,16,13,14,0
1,13,15,20,0
1,12,13,12,0
0,9,14,2,0
0,10,19,25,0
2,8,13,16,0
1,15,11,20,0
1,13,8,19,0
0,12,13,23,0
1,17,23,10,0
2,5,24,18,0
1,23,10,20,0
0,13,15,22,0
0,9,21,24,0
3,18,15,11,0
1,11,32,22,0
1,8,19,21,0
3,11,15,20,0
1,14,22,18,0
2,10,16,14,0
0,5,21,22,0
6,13,28,16,0
1,9,16,20,0
2,11,35,19,0
0,13,20,14,0
2,6,18,11,0
0,10,6,19,0
2,13,17,21,0
0,4,10,7,0
1,6,11,22,0
0,7,14,26,0
1,11,11,22,0
0,16,17,23,0
1,8,18,25,0
2,4,9,27,0
0,15,13,18,0
1,7,10,8,0
1,11,26,13,0
0,9,16,27,0
0,7,20,24,0
0,0,0,0,0
0,4,12,23,0
0,2,15,25,0
0,5,6,3,0
0,4,7,14,0
0,15,17,8,0
0,12,16,14,0
0,7,11,27,0
0,10,15,19,0
2,3,6,24,0
0,15,22,16,0
2,10,22,8,0
0,10,7,13,0
0,8,10,24,0
0,9,15,28,0
1,10,13,16,0
0,10,22,12,0
1,11,11,18,0
2,8,6,19,0
0,9,16,20,0
0,7,15,27,0
0,13,19,11,0
3,9,12,19,0
0,8,16,13,0
0,11,19,19,0
0,4,6,21,0
1,13,23,17,0
2,27,14,22,0
0,6,25,4,0
1,7,6,9,0
1,13,20,14,0
0,16,15,17,0
1,9,27,17,0
1,11,15,18,0
1,15,17,20,0
2,14,26,25,0
0,7,23,18,0
1,9,9,11,0
0,9,19,20,0
0,9,15,18,0
1,10,12,13,0
3,11,19,12,0
1,12,15,16,0
1,11,24,12,0
0,14,7,20,0
2,10,19,21,0
1,7,4,20,0
0,7,17,21,0
2,6,17,8,0
3,14,8,18,0
1,11,25,16,0
1,13,19,14,0
0,20,28,12,0
0,17,17,20,0
2,12,16,18,0
0,12,26,8,0
4,20,24,13,0
3,21,16,21,0
1,13,14,7,0
1,14,6,19,0
0,9,15,18,0
0,7,13,14,0
6,14,17,32,0
0,25,15,14,0
3,8,26,10,0
1,15,22,19,0
1,16,23,26,0
1,5,11,27,0
2,6,11,20,0
0,8,24,34,0
1,7,19,24,0
2,11,17,26,0
0,7,21,15,0
1,7,24,20,0
1,9,23,30,0
2,16,15,14,0
1,8,16,16,0
0,8,22,27,0
0,7,31,15,0
1,6,13,22,0
2,14,15,16,0
2,9,23,21,0
0,11,16,15,0
0,11,4,17,0
0,7,21,23,0
1,14,19,8,0
3,15,16,11,0
4,6,16,24,0
1,13,13,24,0
0,15,28,14,0
0,13,21,12,0
4,23,22,11,0
2,19,19,10,0
1,8,27,22,0
1,22,23,14,0
1,14,31,21,0
0,7,29,28,0
0,13,24,23,0
0,9,22,28,0
0,4,22,21,0
0,9,23,17,0
3,16,29,14,0
0,6,24,29,0
0,11,40,21,0
1,11,28,20,0
0,21,19,4,0
2,9,7,17,0
1,20,23,25,0
2,20,25,16,0
3,15,24,19,0
3,16,22,16,0
1,21,19,26,0
0,21,31,29,0
2,11,19,12,0
2,13,20,11,0
0,20,25,22,0
3,14,26,23,0
2,15,9,16,0
1,17,17,18,0
1,15,19,27,0
0,23,16,18,0
0,15,8,21,0
2,13,21,25,0
1,11,15,20,0
1,13,24,15,0
1,13,20,13,0
1,18,10,26,0
1,10,28,37,0
0,17,13,27,0
4,24,16,28,0
0,19,17,29,0
1,17,26,20,0
1,16,28,17,0
2,29,24,22,0
2,27,15,16,0
3,18,24,13,0
1,19,20,19,0
1,13,16,22,0
0,14,15,21,0
3,28,27,19,0
3,22,22,18,0
1,19,31,20,0
2,25,13,25,0
0,5,1,23,0
1,26,19,9,0
1,6,3,24,0
1,8,9,12,0
1,10,4,17,0
0,20,25,4,0
0,6,15,22,0
1,5,11,15,0
1,6,22,2,0
1,13,22,11,0
0,14,15,22,0
1,15,8,26,0
0,9,6,20,0
3,14,8,29,0
1,17,22,25,0
0,0,0,0,0
2,7,9,20,0
0,8,14,19,0
0,7,21,10,0
1,8,10,13,0
0,13,5,30,0
0,12,15,15,0
0,6,15,6,0
1,20,16,26,0
0,3,6,19,0
0,11,2,15,0
0,7,24,14,0
2,20,13,26,0
1,7,11,6,0
3,10,6,30,0
0,18,14,28,0
2,12,4,15,0
0,10,8,27,0
0,21,21,15,0
2,8,16,5,0
1,21,6,25,0
0,16,31,8,0
0,7,14,30,0
0,5,10,11,0
0,7,28,14,0
0,4,18,9,0
2,7,16,9,0
1,3,12,22,0
0,5,17,5,0
0,12,12,10,0
0,5,26,15,0
0,5,27,10,0
0,4,11,4,0
0,8,14,5,0
0,4,24,12,0
0,5,13,2,0
0,3,4,7,0
0,5,21,15,0
4,6,8,21,0
3,4,16,15,0
3,7,4,22,0
0,7,15,9,0
0,8,26,9,0
0,6,14,10,0
2,7,24,5,0
1,5,16,14,0
0,4,22,14,0
0,10,18,5,0
1,9,28,8,0
0,8,18,6,0
0,11,21,5,0
1,7,10,31,0
0,4,18,13,0
1,8,30,11,0
0,9,6,27,0
0,3,16,9,0
1,11,44,10,0
0,2,16,10,0
0,12,17,24,0
2,12,15,24,0
2,12,19,14,0
1,24,15,25,0
2,13,24,23,0
1,7,14,21,0
0,9,13,27,0
1,19,23,19,0
0,14,27,27,0
0,16,9,20,0
2,5,22,24,0
2,12,23,33,0
0,16,24,22,0
0,3,7,18,0
2,11,21,22,0
1,12,21,19,0
0,9,21,27,0
2,11,21,13,0
2,20,28,8,0
0,18,23,18,0
0,8,17,22,0
1,23,31,21,0
0,9,18,22,0
4,9,21,18,0
0,13,26,28,0
3,19,29,30,0
0,11,12,21,0
2,16,18,27,0
1,15,28,32,0
1,16,12,22,0
1,16,28,19,0
0,21,31,23,0
1,11,17,18,0
1,25,22,32,0
1,14,29,20,0
1,10,29,19,0
0,14,14,20,0
0,14,20,16,0
0,14,28,16,0
0,4,24,12,0
1,8,13,14,0
1,8,18,22,0
0,9,26,15,0
0,10,10,6,0
1,12,17,12,0
2,9,14,14,0
0,8,9,20,0
0,9,9,15,0
0,12,20,18,0
0,5,23,7,0
0,7,18,20,0
2,7,8,20,0
2,11,14,11,0
1,10,30,15,0
0,13,16,15,0
0,15,29,10,0
0,11,19,18,0
2,16,19,19,0
2,9,13,28,0
1,20,23,9,0
3,16,22,12,0
1,13,12,13,0
3,12,20,8,0
0,10,16,16,0
0,9,16,10,0
1,17,28,14,0
1,15,11,18,0
0,15,7,28,0
2,11,18,13,0
3,13,15,20,0
1,9,30,13,0
2,14,22,25,0
1,15,10,14,0
2,8,15,27,0
4,10,26,18,0
2,11,16,25,0
0,7,4,18,0
0,8,18,24,0
1,9,13,26,0
1,8,9,13,0
2,6,6,20,0
3,9,18,26,0
2,9,20,21,0
1,13,14,26,0
0,13,19,20,0
1,13,6,23,0
0,16,24,23,0
0,10,13,29,0
4,16,16,15,0
0,13,15,26,0
3,15,15,24,0
2,13,21,23,0
0,16,19,22,0
1,14,20,22,0
0,15,11,19,0
0,14,21,18,0
2,12,12,24,0
2,11,19,14,0
3,16,21,19,0
2,11,12,20,0
1,14,20,27,0
1,7,12,28,0
1,12,19,12,0
0,11,27,22,0
4,0,15,16,0
0,6,17,22,0
1,18,20,14,0
1,10,21,26,0
0,6,7,8,0
1,6,14,13,0
0,11,11,15,0
0,6,10,7,0
4,1,18,8,0
2,8,13,16,0
0,7,22,14,0
1,5,17,23,0
0,9,11,20,0
1,10,14,9,0
2,12,24,21,0
3,6,18,23,0
0,14,11,19,0
2,9,16,13,0
3,12,19,13,0
0,10,19,14,0
1,16,11,20,0
1,11,20,17,0
1,11,11,12,0
0,12,17,12,0
2,15,11,13,0
0,10,15,15,0
3,13,26,14,0
0,11,14,17,0
1,11,13,27,0
0,11,16,11,0
1,8,32,19,0
0,7,21,9,0
0,7,18,15,0
4,15,17,14,0
3,10,28,20,0
0,12,12,13,0
1,8,21,14,0
3,15,19,21,0
1,10,12,25,0
0,5,11,11,0
2,11,19,17,0
1,6,25,13,0
0,4,24,22,0
1,4,12,28,0
1,13,16,26,0
0,9,33,19,0
2,11,10,16,0
3,18,33,15,0
1,10,13,19,0
2,12,20,15,0
1,7,32,15,0
1,23,26,19,0
1,11,26,9,0
0,12,21,21,0
0,15,31,24,0
0,11,12,16,0
1,21,15,11,0
1,18,33,16,0
3,8,20,16,0
1,25,30,13,0
0,10,24,24,0
2,12,17,14,0
1,13,20,9,0
1,14,26,19,0
0,11,27,23,0
0,4,14,21,0
1,4,28,29,0
0,9,29,18,0
2,11,18,21,0
2,4,32,17,0
2,14,16,17,0
1,7,23,18,0
2,7,29,19,0
3,5,24,20,0
0,9,29,15,0
4,18,18,17,0
0,11,17,29,0
3,16,19,28,0
0,10,22,33,0
0,15,14,28,0
4,7,33,23,0
0,16,29,35,0
0,13,32,30,0
2,10,16,24,0
2,10,23,20,0
0,12,17,24,0
0,11,14,20,0
2,12,28,39,0
3,13,27,26,0
2,10,32,20,0
1,17,25,17,0
1,4,6,18,0
2,9,15,11,0
0,7,13,18,0
1,6,5,19,0
0,8,18,21,0
0,5,15,26,0
1,9,10,18,0
0,7,19,2,0
2,9,13,16,0
3,10,8,13,0
0,12,15,9,0
0,10,14,14,0
2,5,25,9,0
0,15,17,11,0
1,8,19,9,0
4,15,14,18,0
2,6,22,8,0
1,6,24,12,0
0,18,12,19,0
1,11,20,21,0
0,10,16,19,0
0,10,14,21,0
1,6,17,18,0
1,4,13,20,0
1,7,12,6,0
3,14,19,15,0
1,7,15,21,0
1,6,18,23,0
1,7,25,10,0
0,10,26,15,0
0,2,30,19,0
0,4,9,5,0
0,3,9,15,0
0,8,21,12,0
0,5,8,5,0
0,6,5,9,0
0,8,16,11,0
1,9,27,14,0
0,10,16,16,0
0,8,23,5,0
0,9,12,9,0
0,12,16,26,0
1,5,15,15,0
2,9,23,7,0
0,7,14,14,0
2,3,21,26,0
0,10,12,22,0
1,10,22,9,0
0,11,7,14,0
1,10,16,9,0
0,9,26,13,0
0,7,15,23,0
1,8,28,15,0
2,6,9,29,0
0,9,14,7,0
0,12,39,11,0
1,7,9,10,0
2,20,19,18,0
3,8,14,8,0
0,7,14,19,0
5,11,18,13,0
1,9,15,11,0
0,4,9,9,0
0,11,20,22,0
2,8,18,22,0
1,9,18,29,0
2,8,23,12,0
0,12,22,14,0
0,16,21,26,0
1,8,19,16,0
3,15,15,24,0
1,6,22,21,0
2,15,22,18,0
1,7,23,28,0
1,14,19,28,0
0,7,31,15,0
1,15,14,19,0
1,10,25,21,0
0,17,14,20,0
1,17,21,13,0
2,15,18,32,0
1,6,22,14,0
2,20,13,30,0
0,9,23,17,0
0,11,9,19,0
0,11,19,12,0
0,11,17,27,0
0,10,15,15,0
0,1,14,11,0
0,10,17,21,0
0,10,20,18,0
0,10,15,27,0
0,10,20,20,0
0,10,14,29,0
1,14,23,22,0
0,9,17,23,0
0,18,21,19,0
0,3,20,29,0
1,9,28,22,0
0,8,14,23,0
2,8,27,31,0
2,6,15,25,0
0,9,16,25,0
1,7,27,27,0
0,11,17,25,0
0,14,16,24,0
0,14,31,24,0
2,7,20,18,0
1,11,37,27,0
1,11,15,24,0
0,9,9,17,0
1,11,14,14,0
0,17,29,9,0
0,3,6,6,0
2,5,18,12,0
0,6,7,10,0
0,4,15,13,0
0,5,17,6,0
1,16,9,6,0
1,4,22,8,0
0,7,5,6,0
0,18,31,11,0
0,7,10,7,0
0,7,8,10,0
0,9,20,11,0
2,14,14,27,0
2,8,13,1,0
0,12,14,16,0
0,12,17,18,0
2,6,10,4,0
1,8,10,10,0
1,16,28,10,0
0,6,19,10,0
1,14,11,16,0
2,14,13,18,0
1,8,23,11,0
2,13,14,8,0
0,6,4,14,0
1,7,20,23,0
0,4,23,11,0
0,11,9,18,0
0,12,15,13,0
0,10,10,24,0
0,5,24,17,0
3,4,14,21,0
0,16,16,25,0
1,12,21,9,0
1,7,22,12,0
3,14,20,11,0
1,22,12,18,0
0,13,12,18,0
1,11,13,17,0
0,10,21,17,0
0,6,12,19,0
0,8,14,12,0
1,21,22,13,0
3,8,19,17,0
2,13,29,12,0
3,9,22,18,0
2,11,11,29,0
3,1,13,9,0
2,6,24,17,0
2,7,23,16,0
1,6,20,21,0
0,10,21,11,0
2,11,18,24,0
2,9,17,25,0
0,7,18,15,0
0,17,39,17,0
1,8,15,14,0
2,6,22,20,0
4,6,29,15,0
1,21,16,27,0
1,10,23,10,0
2,10,21,20,0
0,13,31,19,0
2,7,16,16,0
0,9,18,26,0
2,14,18,37,0
1,10,17,10,0
0,21,35,11,0
2,9,25,24,0
0,5,12,10,0
0,8,14,18,0
1,4,13,7,0
0,12,10,6,0
0,7,12,8,0
3,9,9,26,0
1,8,8,17,0
0,7,4,13,0
3,20,24,23,0
0,9,14,9,0
0,7,7,13,0
3,14,17,9,0
2,18,33,27,0
0,15,17,8,0
0,14,11,24,0
1,15,33,20,0
0,8,10,12,0
0,6,14,11,0
0,22,20,21,0
0,11,20,16,0
2,15,24,11,0
2,23,12,27,0
0,5,18,9,0
0,3,1,20,0
1,6,9,6,0
0,4,17,2,0
2,5,6,7,0
1,7,17,8,0
2,6,12,10,0
1,7,23,3,0
2,12,14,6,0
1,10,16,7,0
1,4,24,3,0
0,11,24,6,0
2,15,26,9,0
0,3,15,4,0
0,2,18,6,0
1,5,12,7,0
0,1,12,6,0
0,11,24,5,0
1,8,24,13,0
0,1,19,5,0
1,6,16,13,0
2,5,18,14,0
1,6,16,22,0
0,12,18,12,0
1,6,14,25,0
0,19,8,17,0
0,9,20,16,0
2,16,23,11,0
0,11,16,21,0
1,9,14,21,0
0,12,15,22,0
3,16,15,26,0
1,9,25,16,0
1,10,17,18,0
1,12,17,21,0
1,7,20,15,0
0,9,17,16,0
2,17,14,26,0
0,10,18,16,0
0,12,18,29,0
2,7,23,23,0
3,9,23,8,0
2,10,18,19,0
1,8,11,23,0
1,12,20,20,0
1,8,21,8,0
1,17,14,15,0
1,8,4,22,0
0,9,13,24,0
1,10,13,19,0
0,11,17,22,0
0,6,20,12,0
2,11,18,19,0
1,10,23,21,0
0,6,15,25,0
2,8,21,20,0
0,11,18,20,0
2,5,10,18,0
0,14,34,19,0
2,3,8,25,0
0,8,26,14,0
1,7,16,20,0
2,12,13,29,0
0,7,19,19,0
4,15,7,25,0
0,11,16,15,0
0,6,25,23,0
1,14,25,10,0
1,7,21,36,0
3,4,12,26,0
2,9,15,22,0
0,7,32,18,0
0,6,23,22,0
0,7,18,25,0
1,16,10,27,0
2,3,14,23,0
0,13,39,13,0
0,10,14,16,0
1,9,7,21,0
1,12,21,20,0
2,6,13,22,0
2,12,15,20,0
1,8,7,23,0
2,5,14,26,0
0,15,14,17,0
1,13,20,17,0
1,8,15,15,0
1,12,20,13,0
1,13,18,18,0
2,10,9,20,0
1,10,18,11,0
2,15,20,14,0
0,9,11,13,0
3,11,19,28,0
1,6,8,24,0
2,8,26,10,0
3,10,12,9,0
1,20,35,8,0
0,11,10,16,0
0,9,21,15,0
2,9,27,14,0
3,20,32,10,0
4,10,5,21,0
1,16,12,17,0
1,16,26,11,0
1,8,16,11,0
0,12,14,23,0
4,14,11,38,0
1,8,24,12,0
4,10,41,13,0
1,11,17,26,0
3,11,25,13,0
1,17,22,21,0
4,10,12,25,0
4,11,30,23,0
0,15,21,21,0
2,14,23,21,0
1,13,20,19,0
2,11,17,23,0
1,13,20,20,0
2,14,15,25,0
1,10,18,26,0
1,18,19,23,0
3,8,23,14,0
0,14,32,24,0
1,7,31,14,0
0,12,31,11,0
1,11,13,21,0
0,10,18,18,0
0,11,12,25,0
1,16,11,25,0
1,12,15,29,0
1,11,11,14,0
2,11,7,21,0
1,7,16,18,0
1,8,13,15,0
3,8,16,34,0
2,9,20,15,0
4,11,26,7,0
1,6,16,20,0
2,15,25,5,0
2,15,8,29,0
5,19,19,23,0
3,28,21,30,0
3,15,13,22,0
2,21,12,30,0
2,24,18,26,0
1,12,24,11,0
1,14,22,16,0
1,34,20,15,0
2,16,12,24,0
3,19,29,31,0
1,23,34,16,0
1,8,18,20,0
1,9,10,31,0
0,19,12,28,0
2,12,30,19,0
1,9,12,18,0
0,9,25,10,0
0,8,17,17,0
0,8,17,12,0
1,19,27,9,0
0,12,27,22,0
0,10,30,12,0
1,10,16,21,0
0,3,19,40,0
2,18,10,24,0
1,10,19,30,0
0,10,21,13,0
0,17,20,8,0
1,14,17,15,0
0,7,20,20,0
2,19,26,10,0
0,13,17,13,0
0,16,11,30,0
2,8,18,15,0
1,13,28,30,0
0,11,24,19,0
0,16,18,30,0
0,11,28,26,0
0,8,15,26,0
0,7,23,22,0
1,17,26,24,0
0,9,17,27,0
0,11,38,25,0
1,9,32,16,0
2,25,13,14,0
3,16,17,29,0
1,32,21,20,0
1,13,21,12,0
0,21,20,17,0
3,30,25,21,0
1,24,14,21,0
2,29,30,18,0
3,21,36,18,0
2,15,12,7,0
2,10,17,14,0
3,9,12,20,0
0,10,10,14,0
4,19,13,19,0
2,23,19,16,0
1,16,18,11,0
1,14,16,28,0
4,17,14,22,0
1,12,17,10,0
0,14,15,20,0
0,21,26,12,0
1,9,13,17,0
3,24,27,10,0
2,11,20,20,0
1,11,11,22,0
3,15,18,21,0
3,16,22,27,0
2,13,8,16,0
1,28,32,21,0
3,12,28,18,0
0,12,16,14,0
1,15,12,29,0
1,12,10,12,0
1,10,35,13,0
0,10,10,14,0
0,11,33,14,0
0,7,12,14,0
3,21,17,30,0
0,5,16,20,0
1,17,26,16,0
1,22,24,28,0
2,23,28,14,0
4,8,20,12,0
1,15,23,14,0
0,11,41,21,0
